benchmark_id,review_sequence,product_name,brand_name,serving_info_json,active_ingredients_json,inactive_ingredients_json,certification_facts_json,proprietary_blend_facts_json
PG-0A5EB3158D0A,1,Fish Oil Omega-3s,GNC Pro Performance,"{""basis_count"":1.0,""basis_unit"":""capsule"",""max_servings_per_day"":1,""min_servings_per_day"":1}",[],"[""Fish Oil"",""Bovine Gelatin"",""Glycerin"",""Ethylcellulose"",""Water, Purified"",""Ammonium Hydroxide"",""Medium Chain Triglyceride"",""Mixed Tocopherols"",""Oleic Acid"",""Sodium Alginate"",""Stearic Acid""]","{""gmp"":{""claimed"":false,""fda_registered"":false,""gmp_certified_or_compliant"":false,""nsf_gmp"":false,""text_matched"":""""},""heavy_metal_tested"":false,""label_accuracy_verified"":false,""purity_verified"":true,""third_party_programs"":[{""name"":""Informed Choice"",""verified"":true}]}","{""blends"":[],""has_proprietary_blends"":false}"
PG-68E131E3FB8F,2,Ultra Mega Green Active Berry,GNC SuperFoods,"{""basis_count"":37.0,""basis_unit"":""gram"",""max_servings_per_day"":1,""min_servings_per_day"":1}","[{""daily_value_percent"":20.0,""name"":""Fiber (unspecified)"",""quantity"":5.0,""unit"":""Gram(s)""},{""daily_value_percent"":100.0,""name"":""Vitamin A"",""quantity"":5000.0,""unit"":""IU""},{""daily_value_percent"":500.0,""name"":""Vitamin C"",""quantity"":300.0,""unit"":""mg""},{""daily_value_percent"":400.0,""name"":""Vitamin D"",""quantity"":1600.0,""unit"":""IU""},{""daily_value_percent"":100.0,""name"":""Vitamin E"",""quantity"":30.0,""unit"":""IU""},{""daily_value_percent"":100.0,""name"":""Vitamin K"",""quantity"":80.0,""unit"":""mcg""},{""daily_value_percent"":2000.0,""name"":""Thiamin"",""quantity"":30.0,""unit"":""mg""},{""daily_value_percent"":1765.0,""name"":""Riboflavin"",""quantity"":30.0,""unit"":""mg""},{""daily_value_percent"":150.0,""name"":""Niacin"",""quantity"":30.0,""unit"":""mg""},{""daily_value_percent"":1500.0,""name"":""Vitamin B6"",""quantity"":30.0,""unit"":""mg""},{""daily_value_percent"":100.0,""name"":""Folate"",""quantity"":400.0,""unit"":""mcg""},{""daily_value_percent"":4167.0,""name"":""Vitamin B12"",""quantity"":250.0,""unit"":""mcg""},{""daily_value_percent"":100.0,""name"":""Biotin"",""quantity"":300.0,""unit"":""mcg""},{""daily_value_percent"":250.0,""name"":""Vitamin B5"",""quantity"":25.0,""unit"":""mg""},{""daily_value_percent"":50.0,""name"":""Calcium"",""quantity"":500.0,""unit"":""mg""},{""daily_value_percent"":100.0,""name"":""Iron"",""quantity"":18.0,""unit"":""mg""},{""daily_value_percent"":100.0,""name"":""Iodine"",""quantity"":18.0,""unit"":""mg""},{""daily_value_percent"":50.0,""name"":""Magnesium"",""quantity"":200.0,""unit"":""mg""},{""daily_value_percent"":134.0,""name"":""Zinc"",""quantity"":20.0,""unit"":""mg""},{""daily_value_percent"":285.0,""name"":""Selenium"",""quantity"":200.0,""unit"":""mcg""},{""daily_value_percent"":100.0,""name"":""Copper"",""quantity"":2.0,""unit"":""mg""},{""daily_value_percent"":100.0,""name"":""Manganese"",""quantity"":2.0,""unit"":""mg""},{""daily_value_percent"":100.0,""name"":""Chromium"",""quantity"":120.0,""unit"":""mcg""},{""daily_value_percent"":100.0,""name"":""Molybdenum"",""quantity"":75.0,""unit"":""mcg""},{""daily_value_percent"":9.0,""name"":""Potassium"",""quantity"":300.0,""unit"":""mg""},{""daily_value_percent"":null,""name"":""Boron"",""quantity"":1.0,""unit"":""mg""},{""daily_value_percent"":null,""name"":""Silicon"",""quantity"":1.0,""unit"":""mg""},{""daily_value_percent"":null,""name"":""Inositol"",""quantity"":25.0,""unit"":""mg""},{""daily_value_percent"":null,""name"":""Choline"",""quantity"":25.0,""unit"":""mg""},{""daily_value_percent"":null,""name"":""Fiber Blend"",""quantity"":5.0,""unit"":""Gram(s)""},{""daily_value_percent"":null,""name"":""Oat Fiber"",""quantity"":0.0,""unit"":""NP""},{""daily_value_percent"":null,""name"":""Indian Gooseberry"",""quantity"":500.0,""unit"":""mg""},{""daily_value_percent"":null,""name"":""Lutein"",""quantity"":2.0,""unit"":""mg""},{""daily_value_percent"":null,""name"":""Lycopene"",""quantity"":1.0,""unit"":""mg""},{""daily_value_percent"":null,""name"":""Zeaxanthin"",""quantity"":400.0,""unit"":""mcg""},{""daily_value_percent"":null,""name"":""N-Acetyl Cysteine"",""quantity"":15.0,""unit"":""mg""},{""daily_value_percent"":null,""name"":""Ginger"",""quantity"":10.0,""unit"":""mg""},{""daily_value_percent"":null,""name"":""Milk Thistle"",""quantity"":15.0,""unit"":""mg""},{""daily_value_percent"":null,""name"":""EGCG"",""quantity"":100.0,""unit"":""mg""}]","[""organic Cane juice powder"",""natural Berry flavor"",""Beet juice powder"",""Citrus Pectin"",""Potassium Citrate"",""Malic Acid"",""Citric Acid"",""Xanthan Gum"",""Maltodextrin"",""active Yeast"",""Stevia leaf extract"",""Corn Starch"",""Silicon Dioxide"",""Sunflower Lecithin"",""Lo Han Fruit Extract"",""Vitamin And Mineral Blend""]","{""gmp"":{""claimed"":false,""fda_registered"":false,""gmp_certified_or_compliant"":false,""nsf_gmp"":false,""text_matched"":""""},""heavy_metal_tested"":false,""label_accuracy_verified"":false,""purity_verified"":false,""third_party_programs"":[]}","{""blends"":[{""child_ingredients"":[{""amount"":null,""name"":""Acai fruit powder"",""unit"":""""},{""amount"":null,""name"":""Acerola extract"",""unit"":""""},{""amount"":null,""name"":""Apple extract"",""unit"":""""},{""amount"":null,""name"":""Basil leaf powder"",""unit"":""""},{""amount"":null,""name"":""Bilberry fruit extract"",""unit"":""""},{""amount"":null,""name"":""Black Currant fruit extract"",""unit"":""""},{""amount"":null,""name"":""Blackberry fruit powder"",""unit"":""""},{""amount"":null,""name"":""Blueberry fruit extract"",""unit"":""""},{""amount"":null,""name"":""Broccoli powder"",""unit"":""""},{""amount"":null,""name"":""Broccoli sprout powder"",""unit"":""""},{""amount"":null,""name"":""Brussels Sprout powder"",""unit"":""""},{""amount"":null,""name"":""Camu Camu extract"",""unit"":""""},{""amount"":null,""name"":""Carrot powder"",""unit"":""""},{""amount"":null,""name"":""Chokeberry fruit powder"",""unit"":""""},{""amount"":null,""name"":""Cinnamon bark powder"",""unit"":""""},{""amount"":null,""name"":""Elderberry fruit powder"",""unit"":""""},{""amount"":null,""name"":""Garlic powder"",""unit"":""""},{""amount"":null,""name"":""Green Coffee extract"",""unit"":""""},{""amount"":null,""name"":""Green Tea extract"",""unit"":""""},{""amount"":null,""name"":""Kale leaf powder"",""unit"":""""},{""amount"":null,""name"":""Mangosteen fruit powder"",""unit"":""""},{""amount"":null,""name"":""Onion extract"",""unit"":""""},{""amount"":null,""name"":""Oregano leaf powder"",""unit"":""""},{""amount"":null,""name"":""Quercetin"",""unit"":""""},{""amount"":null,""name"":""Raspberry fruit powder"",""unit"":""""},{""amount"":null,""name"":""Spinach leaf powder"",""unit"":""""},{""amount"":null,""name"":""Sweet Cherry fruit powder"",""unit"":""""},{""amount"":null,""name"":""Tomato powder"",""unit"":""""},{""amount"":null,""name"":""Turmeric root extract"",""unit"":""""}],""disclosure_level"":""partial"",""hidden_count"":29,""name"":""Fruit & Vegetable Antioxidant Blend (Combination)"",""total_weight"":100.0,""unit"":""mg""},{""child_ingredients"":[],""disclosure_level"":""none"",""hidden_count"":0,""name"":""Digestive Enzyme Blends"",""total_weight"":null,""unit"":""""},{""child_ingredients"":[{""amount"":null,""name"":""Chia seed powder"",""unit"":""""},{""amount"":null,""name"":""Coconut powder"",""unit"":""""},{""amount"":null,""name"":""Flaxseed powder"",""unit"":""""},{""amount"":null,""name"":""Hemp powder"",""unit"":""""}],""disclosure_level"":""partial"",""hidden_count"":4,""name"":""Healthy Fats Blend (Herb/Botanical)"",""total_weight"":2.0,""unit"":""Gram(s)""},{""child_ingredients"":[{""amount"":null,""name"":""Prune powder"",""unit"":""""},{""amount"":null,""name"":""Zucchini powder"",""unit"":""""}],""disclosure_level"":""partial"",""hidden_count"":2,""name"":""Fruit & Vegetable Blend"",""total_weight"":4.32,""unit"":""Gram(s)""},{""child_ingredients"":[],""disclosure_level"":""full"",""hidden_count"":0,""name"":""AOX Power"",""total_weight"":0,""unit"":""NP""},{""child_ingredients"":[{""amount"":null,""name"":""Alfalfa sprout powder"",""unit"":""""},{""amount"":null,""name"":""Green leaf Sprout-Arugula (Eruca sativa) powder"",""unit"":""""},{""amount"":null,""name"":""Pea Starch"",""unit"":""""}],""disclosure_level"":""partial"",""hidden_count"":3,""name"":""Greens Blend (Combination)"",""total_weight"":200.0,""unit"":""mg""},{""child_ingredients"":[{""amount"":null,""name"":""Modcarb"",""unit"":""""},{""amount"":null,""name"":""Quinoa"",""unit"":""""},{""amount"":null,""name"":""sprouted Brown Rice powder"",""unit"":""""}],""disclosure_level"":""partial"",""hidden_count"":3,""name"":""Whole Grains Blend"",""total_weight"":300.0,""unit"":""mg""},{""child_ingredients"":[],""disclosure_level"":""full"",""hidden_count"":0,""name"":""Digestion Blend"",""total_weight"":0,""unit"":""NP""},{""child_ingredients"":[{""amount"":null,""name"":""Brown Rice Protein isolate"",""unit"":""""},{""amount"":null,""name"":""Carob Protein hydrolysate"",""unit"":""""},{""amount"":null,""name"":""Hemp Protein"",""unit"":""""},{""amount"":null,""name"":""Pea Protein isolate"",""unit"":""""},{""amount"":null,""name"":""Quinoa"",""unit"":""""},{""amount"":null,""name"":""whole Algal Protein"",""unit"":""""}],""disclosure_level"":""partial"",""hidden_count"":6,""name"":""Protein Blend"",""total_weight"":10.0,""unit"":""Gram(s)""},{""child_ingredients"":[{""amount"":null,""name"":""Chia"",""unit"":""""},{""amount"":null,""name"":""Flaxseed"",""unit"":""""},{""amount"":null,""name"":""Fructooligosaccharides"",""unit"":""""},{""amount"":null,""name"":""Hemp"",""unit"":""""},{""amount"":null,""name"":""Inulin"",""unit"":""""},{""amount"":null,""name"":""ModCarb"",""unit"":""""},{""amount"":null,""name"":""Oat Fiber"",""unit"":""""},{""amount"":null,""name"":""Pea"",""unit"":""""},{""amount"":null,""name"":""Pectin"",""unit"":""""},{""amount"":null,""name"":""Quinoa"",""unit"":""""},{""amount"":null,""name"":""Rice"",""unit"":""""}],""disclosure_level"":""partial"",""hidden_count"":11,""name"":""Fiber Blend"",""total_weight"":5.0,""unit"":""Gram(s)""},{""child_ingredients"":[{""amount"":25.0,""name"":""Enzyme Blend"",""unit"":""mg""},{""amount"":10.0,""name"":""Ginger"",""unit"":""mg""},{""amount"":15.0,""name"":""Milk Thistle extract"",""unit"":""mg""}],""disclosure_level"":""full"",""hidden_count"":0,""name"":""Digestion Blend"",""total_weight"":25.0,""unit"":""mg""},{""child_ingredients"":[{""amount"":null,""name"":""Glucoamylase"",""unit"":""""},{""amount"":null,""name"":""Lipase"",""unit"":""""},{""amount"":null,""name"":""Protease"",""unit"":""""}],""disclosure_level"":null,""hidden_count"":3,""name"":""Enzyme Blend"",""total_weight"":25.0,""unit"":""mg""}],""has_proprietary_blends"":true}"
PG-B458E9CD65F0,3,Beta Alanine,BulkSupplements.com,"{""basis_count"":3.0,""basis_unit"":""gram"",""max_servings_per_day"":3,""min_servings_per_day"":1}","[{""daily_value_percent"":null,""name"":""Beta-Alanine"",""quantity"":3.0,""unit"":""Gram(s)""}]",[],"{""gmp"":{""claimed"":false,""fda_registered"":false,""gmp_certified_or_compliant"":false,""nsf_gmp"":false,""text_matched"":""""},""heavy_metal_tested"":false,""label_accuracy_verified"":false,""purity_verified"":false,""third_party_programs"":[]}","{""blends"":[],""has_proprietary_blends"":false}"
PG-AB53083B9BA5,4,Organic Greens Original Flavor,Spring Valley,"{""basis_count"":20.0,""basis_unit"":""gram"",""max_servings_per_day"":2,""min_servings_per_day"":1}","[{""daily_value_percent"":1.0,""name"":""Calcium"",""quantity"":14.0,""unit"":""mg""},{""daily_value_percent"":17.0,""name"":""Iron"",""quantity"":3.0,""unit"":""mg""},{""daily_value_percent"":1.0,""name"":""Potassium"",""quantity"":35.0,""unit"":""mg""},{""daily_value_percent"":null,""name"":""Barley"",""quantity"":0.0,""unit"":""NP""}]","[""Tapioca Starch"",""organic Oat Fiber"",""organic Guar Gum"",""organic Rebaudioside A""]","{""gmp"":{""claimed"":false,""fda_registered"":false,""gmp_certified_or_compliant"":false,""nsf_gmp"":false,""text_matched"":""""},""heavy_metal_tested"":false,""label_accuracy_verified"":false,""purity_verified"":false,""third_party_programs"":[]}","{""blends"":[{""child_ingredients"":[{""amount"":null,""name"":""organic Alfalfa"",""unit"":""""},{""amount"":null,""name"":""organic Aloe vera inner leaf gel 200:1 concentrate"",""unit"":""""},{""amount"":null,""name"":""organic Barley Grass"",""unit"":""""},{""amount"":null,""name"":""organic Blue Green Algae"",""unit"":""""},{""amount"":null,""name"":""organic Pea Fiber"",""unit"":""""},{""amount"":null,""name"":""organic Wheat Grass"",""unit"":""""}],""disclosure_level"":""partial"",""hidden_count"":6,""name"":""Organic Greens Blend"",""total_weight"":9200.0,""unit"":""mg""},{""child_ingredients"":[{""amount"":null,""name"":""Bifidobacterium bifidum"",""unit"":""""},{""amount"":null,""name"":""Bifidobacterium longum"",""unit"":""""},{""amount"":null,""name"":""Lactobacillus acidophilus"",""unit"":""""},{""amount"":null,""name"":""Lactobacillus brevis"",""unit"":""""},{""amount"":null,""name"":""Lactobacillus plantarum"",""unit"":""""},{""amount"":null,""name"":""Lactobacillus rhamnosus"",""unit"":""""}],""disclosure_level"":""none"",""hidden_count"":6,""name"":""Probiotic Blend"",""total_weight"":0.0,""unit"":""""},{""child_ingredients"":[{""amount"":null,""name"":""organic Acai"",""unit"":""""},{""amount"":null,""name"":""organic Acerola"",""unit"":""""},{""amount"":null,""name"":""organic Apple"",""unit"":""""},{""amount"":null,""name"":""organic Apple Pectin"",""unit"":""""},{""amount"":null,""name"":""organic Banana"",""unit"":""""},{""amount"":null,""name"":""organic Beet"",""unit"":""""},{""amount"":null,""name"":""organic Black Raspberry"",""unit"":""""},{""amount"":null,""name"":""organic Blackberry"",""unit"":""""},{""amount"":null,""name"":""organic Blueberry"",""unit"":""""},{""amount"":null,""name"":""organic Broccoli"",""unit"":""""},{""amount"":null,""name"":""organic Carrot"",""unit"":""""},{""amount"":null,""name"":""organic Cherry"",""unit"":""""},{""amount"":null,""name"":""organic Cranberry"",""unit"":""""},{""amount"":null,""name"":""organic Flaxseed"",""unit"":""""},{""amount"":null,""name"":""organic Green Cabbage"",""unit"":""""},{""amount"":null,""name"":""organic Kale"",""unit"":""""},{""amount"":null,""name"":""organic Mango"",""unit"":""""},{""amount"":null,""name"":""organic Papaya"",""unit"":""""},{""amount"":null,""name"":""organic Parsley"",""unit"":""""},{""amount"":null,""name"":""organic Peach"",""unit"":""""},{""amount"":null,""name"":""organic Pear"",""unit"":""""},{""amount"":null,""name"":""organic Pineapple"",""unit"":""""},{""amount"":null,""name"":""organic Pomegranate"",""unit"":""""},{""amount"":null,""name"":""organic Red Raspberry"",""unit"":""""},{""amount"":null,""name"":""organic Spinach"",""unit"":""""},{""amount"":null,""name"":""organic Strawberry"",""unit"":""""},{""amount"":null,""name"":""organic Tomato"",""unit"":""""},{""amount"":null,""name"":""organic Watermelon"",""unit"":""""}],""disclosure_level"":""partial"",""hidden_count"":28,""name"":""Organic Superfood Blend"",""total_weight"":100.0,""unit"":""mg""}],""has_proprietary_blends"":true}"
PG-2B04DB33E51F,5,PRE Pre-Workout Complex Grape,Nutricost Performance,"{""basis_count"":15.45,""basis_unit"":""gram"",""max_servings_per_day"":0.06472491909385114,""min_servings_per_day"":0.06472491909385114}","[{""daily_value_percent"":4170.0,""name"":""Thiamin"",""quantity"":50.0,""unit"":""mg""},{""daily_value_percent"":160.0,""name"":""Niacin"",""quantity"":25.0,""unit"":""mg NE""},{""daily_value_percent"":3530.0,""name"":""Vitamin B6"",""quantity"":60.0,""unit"":""mg""},{""daily_value_percent"":8330.0,""name"":""Vitamin B12"",""quantity"":200.0,""unit"":""mcg""},{""daily_value_percent"":null,""name"":""Citrulline"",""quantity"":6000.0,""unit"":""mg""},{""daily_value_percent"":null,""name"":""Beta-Alanine"",""quantity"":3000.0,""unit"":""mg""},{""daily_value_percent"":null,""name"":""Taurine"",""quantity"":2000.0,""unit"":""mg""},{""daily_value_percent"":null,""name"":""Agmatine"",""quantity"":500.0,""unit"":""mg""},{""daily_value_percent"":null,""name"":""Tyrosine"",""quantity"":500.0,""unit"":""mg""},{""daily_value_percent"":null,""name"":""Theanine"",""quantity"":300.0,""unit"":""mg""},{""daily_value_percent"":null,""name"":""Caffeine"",""quantity"":300.0,""unit"":""mg""},{""daily_value_percent"":null,""name"":""Theobromine"",""quantity"":200.0,""unit"":""mg""},{""daily_value_percent"":null,""name"":""Huperzine"",""quantity"":200.0,""unit"":""mcg""}]","[""Natural Flavors"",""Tartaric Acid"",""Calcium Silicate"",""Silica"",""Citric Acid"",""Sucralose"",""Fruit Juice""]","{""gmp"":{""claimed"":true,""fda_registered"":false,""gmp_certified_or_compliant"":true,""nsf_gmp"":false,""text_matched"":""GMP""},""heavy_metal_tested"":false,""label_accuracy_verified"":false,""purity_verified"":false,""third_party_programs"":[]}","{""blends"":[],""has_proprietary_blends"":false}"
PG-9D91983F5BF5,6,MediClear-SGS Chocolate Flavored,Thorne,"{""basis_count"":51.6,""basis_unit"":""gram"",""max_servings_per_day"":1,""min_servings_per_day"":1}","[{""daily_value_percent"":167.0,""name"":""Vitamin A"",""quantity"":1.5,""unit"":""mg""},{""daily_value_percent"":null,""name"":""beta-carotene"",""quantity"":900.0,""unit"":""mcg""},{""daily_value_percent"":null,""name"":""Vitamin A"",""quantity"":600.0,""unit"":""mcg""},{""daily_value_percent"":333.0,""name"":""Vitamin C"",""quantity"":300.0,""unit"":""mg""},{""daily_value_percent"":50.0,""name"":""Vitamin D"",""quantity"":10.0,""unit"":""mcg""},{""daily_value_percent"":537.0,""name"":""Vitamin E"",""quantity"":80.6,""unit"":""mg""},{""daily_value_percent"":null,""name"":""Vitamin E"",""quantity"":73.9,""unit"":""mg""},{""daily_value_percent"":null,""name"":""Vitamin E"",""quantity"":98.5,""unit"":""mg""},{""daily_value_percent"":null,""name"":""Vitamin E"",""quantity"":6.7,""unit"":""mg""},{""daily_value_percent"":1000.0,""name"":""Thiamin"",""quantity"":12.0,""unit"":""mg""},{""daily_value_percent"":385.0,""name"":""Riboflavin"",""quantity"":5.0,""unit"":""mg""},{""daily_value_percent"":238.0,""name"":""Niacin"",""quantity"":38.0,""unit"":""mg""},{""daily_value_percent"":null,""name"":""Niacin"",""quantity"":30.0,""unit"":""mg""},{""daily_value_percent"":null,""name"":""Niacin"",""quantity"":8.0,""unit"":""mg""},{""daily_value_percent"":588.0,""name"":""Vitamin B6"",""quantity"":10.0,""unit"":""mg""},{""daily_value_percent"":125.0,""name"":""Folate"",""quantity"":500.0,""unit"":""mcg DFE""},{""daily_value_percent"":null,""name"":""Vitamin B9"",""quantity"":300.0,""unit"":""mcg""},{""daily_value_percent"":2083.0,""name"":""Vitamin B12"",""quantity"":50.0,""unit"":""mcg""},{""daily_value_percent"":500.0,""name"":""Biotin"",""quantity"":150.0,""unit"":""mcg""},{""daily_value_percent"":1000.0,""name"":""Pantothenic Acid"",""quantity"":50.0,""unit"":""mg""},{""daily_value_percent"":2.0,""name"":""Choline"",""quantity"":11.0,""unit"":""mg""},{""daily_value_percent"":23.0,""name"":""Calcium"",""quantity"":300.0,""unit"":""mg""},{""daily_value_percent"":39.0,""name"":""Iron"",""quantity"":7.0,""unit"":""mg""},{""daily_value_percent"":36.0,""name"":""Magnesium"",""quantity"":150.0,""unit"":""mg""},{""daily_value_percent"":91.0,""name"":""Zinc"",""quantity"":10.0,""unit"":""mg""},{""daily_value_percent"":127.0,""name"":""Selenium"",""quantity"":70.0,""unit"":""mcg""},{""daily_value_percent"":65.0,""name"":""Manganese"",""quantity"":1.5,""unit"":""mg""},{""daily_value_percent"":286.0,""name"":""Chromium"",""quantity"":100.0,""unit"":""mcg""},{""daily_value_percent"":111.0,""name"":""Molybdenum"",""quantity"":50.0,""unit"":""mcg""},{""daily_value_percent"":2.0,""name"":""Potassium"",""quantity"":100.0,""unit"":""mg""},{""daily_value_percent"":null,""name"":""Glycine"",""quantity"":1.65,""unit"":""Gram(s)""},{""daily_value_percent"":null,""name"":""Medium chain triglycerides"",""quantity"":1.5,""unit"":""Gram(s)""},{""daily_value_percent"":null,""name"":""Glutamine"",""quantity"":500.0,""unit"":""mg""},{""daily_value_percent"":null,""name"":""Lysine"",""quantity"":500.0,""unit"":""mg""},{""daily_value_percent"":null,""name"":""Curcumin"",""quantity"":400.0,""unit"":""mg""},{""daily_value_percent"":null,""name"":""Milk Thistle"",""quantity"":250.0,""unit"":""mg""},{""daily_value_percent"":null,""name"":""Taurine"",""quantity"":110.0,""unit"":""mg""},{""daily_value_percent"":null,""name"":""Methylsulfonylmethane"",""quantity"":100.0,""unit"":""mg""},{""daily_value_percent"":null,""name"":""LeucoSelect"",""quantity"":50.0,""unit"":""mg""},{""daily_value_percent"":null,""name"":""Greenselect"",""quantity"":50.0,""unit"":""mg""},{""daily_value_percent"":null,""name"":""Betaine Anhydrous"",""quantity"":50.0,""unit"":""mg""},{""daily_value_percent"":null,""name"":""Glucoraphanin"",""quantity"":30.0,""unit"":""mg""},{""daily_value_percent"":null,""name"":""Glutathione"",""quantity"":30.0,""unit"":""mg""},{""daily_value_percent"":null,""name"":""Boron"",""quantity"":100.0,""unit"":""mcg""},{""daily_value_percent"":null,""name"":""Lutein"",""quantity"":60.0,""unit"":""mcg""},{""daily_value_percent"":null,""name"":""Vanadium"",""quantity"":50.0,""unit"":""mcg""}]","[""Cocoa"",""Cane Juice Sugar, Evaporated"",""Flavor"",""Xanthan Gum"",""Yeast Extract"",""Monk Fruit concentrate"",""Silicon Dioxide""]","{""gmp"":{""claimed"":false,""fda_registered"":false,""gmp_certified_or_compliant"":false,""nsf_gmp"":false,""text_matched"":""""},""heavy_metal_tested"":false,""label_accuracy_verified"":false,""purity_verified"":false,""third_party_programs"":[]}","{""blends"":[{""child_ingredients"":[{""amount"":null,""name"":""Pea Protein Isolate"",""unit"":""""},{""amount"":null,""name"":""Rice Protein"",""unit"":""""}],""disclosure_level"":""partial"",""hidden_count"":2,""name"":""Proprietary Blend"",""total_weight"":25.0,""unit"":""Gram(s)""}],""has_proprietary_blends"":true}"
PG-428852318DEE,7,Tribulus terrestris Extract,BulkSupplements.com,"{""basis_count"":1500.0,""basis_unit"":""mg"",""max_servings_per_day"":3,""min_servings_per_day"":1}","[{""daily_value_percent"":null,""name"":""Tribulus"",""quantity"":1500.0,""unit"":""mg""}]",[],"{""gmp"":{""claimed"":false,""fda_registered"":false,""gmp_certified_or_compliant"":false,""nsf_gmp"":false,""text_matched"":""""},""heavy_metal_tested"":false,""label_accuracy_verified"":false,""purity_verified"":false,""third_party_programs"":[]}","{""blends"":[],""has_proprietary_blends"":false}"
PG-2AD6126CD21F,8,Branched Chain Amino Acids (Free Form),Life Extension,"{""basis_count"":4.090909090909091,""basis_unit"":""capsule"",""max_servings_per_day"":0.24444444444444444,""min_servings_per_day"":0.24444444444444444}","[{""daily_value_percent"":null,""name"":""Leucine"",""quantity"":1200.0,""unit"":""mg""},{""daily_value_percent"":null,""name"":""Isoleucine"",""quantity"":600.0,""unit"":""mg""},{""daily_value_percent"":null,""name"":""Valine"",""quantity"":600.0,""unit"":""mg""}]","[""Cellulose""]","{""gmp"":{""claimed"":true,""fda_registered"":false,""gmp_certified_or_compliant"":false,""nsf_gmp"":false,""source"":""manufacturer_evidence"",""text_matched"":""""},""heavy_metal_tested"":false,""label_accuracy_verified"":false,""purity_verified"":false,""third_party_programs"":[]}","{""blends"":[],""has_proprietary_blends"":false}"
PG-1757E4B4CA33,9,EAA Essential Amino Acids 1000 mg Capsules,BulkSupplements.com,"{""basis_count"":2.0,""basis_unit"":""capsule"",""max_servings_per_day"":1,""min_servings_per_day"":1}","[{""daily_value_percent"":null,""name"":""Essential Amino Acids"",""quantity"":1000.0,""unit"":""mg""}]","[""Bovine Gelatin""]","{""gmp"":{""claimed"":false,""fda_registered"":false,""gmp_certified_or_compliant"":false,""nsf_gmp"":false,""text_matched"":""""},""heavy_metal_tested"":false,""label_accuracy_verified"":false,""purity_verified"":false,""third_party_programs"":[]}","{""blends"":[{""child_ingredients"":[],""disclosure_level"":""none"",""hidden_count"":0,""name"":""General Proprietary Blends"",""total_weight"":null,""unit"":""""},{""child_ingredients"":[{""amount"":null,""name"":""L-Histidine Hydrochloride"",""unit"":""""},{""amount"":null,""name"":""L-Isoleucine"",""unit"":""""},{""amount"":null,""name"":""L-Leucine"",""unit"":""""},{""amount"":null,""name"":""L-Lysine Hydrochloride"",""unit"":""""},{""amount"":null,""name"":""L-Methionine"",""unit"":""""},{""amount"":null,""name"":""L-Phenylalanine"",""unit"":""""},{""amount"":null,""name"":""L-Threonine"",""unit"":""""},{""amount"":null,""name"":""L-Tryptophan"",""unit"":""""},{""amount"":null,""name"":""L-Valine"",""unit"":""""}],""disclosure_level"":null,""hidden_count"":9,""name"":""Essential Amino Acids"",""total_weight"":1000.0,""unit"":""mg""}],""has_proprietary_blends"":true}"
PG-2F7BBC947781,10,BCAA 3:1:2,BulkSupplements.com,"{""basis_count"":1500.0,""basis_unit"":""mg"",""max_servings_per_day"":2,""min_servings_per_day"":1}","[{""daily_value_percent"":null,""name"":""Leucine"",""quantity"":750.0,""unit"":""mg""},{""daily_value_percent"":null,""name"":""Isoleucine"",""quantity"":250.0,""unit"":""mg""},{""daily_value_percent"":null,""name"":""Valine"",""quantity"":500.0,""unit"":""mg""}]","[""Sunflower Lecithin""]","{""gmp"":{""claimed"":false,""fda_registered"":false,""gmp_certified_or_compliant"":false,""nsf_gmp"":false,""text_matched"":""""},""heavy_metal_tested"":false,""label_accuracy_verified"":false,""purity_verified"":false,""third_party_programs"":[]}","{""blends"":[],""has_proprietary_blends"":false}"
PG-3F9F8A6A9E11,11,L-Carnitine,BulkSupplements.com,"{""basis_count"":1.0,""basis_unit"":""gram"",""max_servings_per_day"":4,""min_servings_per_day"":1}","[{""daily_value_percent"":null,""name"":""L-Carnitine"",""quantity"":1.0,""unit"":""Gram(s)""}]",[],"{""gmp"":{""claimed"":false,""fda_registered"":false,""gmp_certified_or_compliant"":false,""nsf_gmp"":false,""text_matched"":""""},""heavy_metal_tested"":false,""label_accuracy_verified"":false,""purity_verified"":false,""third_party_programs"":[]}","{""blends"":[],""has_proprietary_blends"":false}"
PG-5497861868F1,12,CoQ10 Gummies 200 mg Mango Madness,Doctor's Best,"{""basis_count"":2.0,""basis_unit"":""gummy"",""max_servings_per_day"":1,""min_servings_per_day"":1}","[{""daily_value_percent"":null,""name"":""Coenzyme Q-10"",""quantity"":200.0,""unit"":""mg""}]","[""organic Tapioca Syrup"",""raw Cane Sugar"",""Water"",""Pectin"",""Natural Flavors"",""Citric Acid"",""Sodium Citrate"",""Coconut Oil"",""Annatto extract"",""Carnauba wax""]","{""gmp"":{""claimed"":false,""fda_registered"":false,""gmp_certified_or_compliant"":false,""nsf_gmp"":false,""text_matched"":""""},""heavy_metal_tested"":true,""label_accuracy_verified"":true,""purity_verified"":true,""third_party_programs"":[{""name"":""USP Verified"",""verified"":true}]}","{""blends"":[],""has_proprietary_blends"":false}"
PG-BCA6FAA3E8B4,13,Burn 60,GNC Total Lean,"{""basis_count"":2.0,""basis_unit"":""tablet"",""max_servings_per_day"":1,""min_servings_per_day"":1}","[{""daily_value_percent"":null,""name"":""Guarana"",""quantity"":495.0,""unit"":""mg""},{""daily_value_percent"":null,""name"":""Grape"",""quantity"":210.0,""unit"":""mg""},{""daily_value_percent"":null,""name"":""MegaNatural Gold Grape seed extract"",""quantity"":125.0,""unit"":""mg""},{""daily_value_percent"":null,""name"":""Dill"",""quantity"":5.0,""unit"":""mg""}]","[""Dextrose"",""Microcrystalline Cellulose"",""Crospovidone"",""Maltodextrin"",""Calcium Silicate"",""Magnesium Stearate"",""natural Cinnamon extract"",""Polyalditol"",""natural Vanilla Mint flavor"",""Sucralose"",""FD&C Red #40 Lake"",""FD&C Yellow #6 Lake"",""Hydroxypropylcellulose"",""Hydroxypropyl Methylcellulose"",""Polyethylene Glycol"",""Titanium Dioxide""]","{""gmp"":{""claimed"":false,""fda_registered"":false,""gmp_certified_or_compliant"":false,""nsf_gmp"":false,""text_matched"":""""},""heavy_metal_tested"":false,""label_accuracy_verified"":false,""purity_verified"":false,""third_party_programs"":[]}","{""blends"":[],""has_proprietary_blends"":false}"
PG-B7A99735F99F,14,Grass-Fed Whey Protein Isolate,BulkSupplements.com,"{""basis_count"":30.0,""basis_unit"":""gram"",""max_servings_per_day"":1,""min_servings_per_day"":1}","[{""daily_value_percent"":7.0,""name"":""Phosphorus"",""quantity"":67.0,""unit"":""mg""},{""daily_value_percent"":4.0,""name"":""Magnesium"",""quantity"":24.0,""unit"":""mg""},{""daily_value_percent"":3.0,""name"":""Potassium"",""quantity"":118.0,""unit"":""mg""},{""daily_value_percent"":16.0,""name"":""Calcium"",""quantity"":130.0,""unit"":""mg""}]","[""Whey Protein Isolate"",""Sunflower lecithin""]","{""gmp"":{""claimed"":false,""fda_registered"":false,""gmp_certified_or_compliant"":false,""nsf_gmp"":false,""text_matched"":""""},""heavy_metal_tested"":false,""label_accuracy_verified"":false,""purity_verified"":false,""third_party_programs"":[]}","{""blends"":[],""has_proprietary_blends"":false}"
PG-3C3F4C52D893,15,Gluten Defense,Nature's Way,"{""basis_count"":2.0,""basis_unit"":""capsule"",""max_servings_per_day"":1,""min_servings_per_day"":1}",[],"[""Hypromellose"",""Cellulose"",""Inulin"",""Calcium Laurate"",""Silica""]","{""gmp"":{""claimed"":false,""fda_registered"":false,""gmp_certified_or_compliant"":false,""nsf_gmp"":false,""text_matched"":""""},""heavy_metal_tested"":false,""label_accuracy_verified"":false,""purity_verified"":false,""third_party_programs"":[]}","{""blends"":[{""child_ingredients"":[],""disclosure_level"":""none"",""hidden_count"":0,""name"":""Digestive Enzyme Blends"",""total_weight"":null,""unit"":""""}],""has_proprietary_blends"":true}"
PG-806A8FB60EDB,16,Quercetin Immune 500 mg,Garden of Life Dr. Formulated,"{""basis_count"":1.0,""basis_unit"":""tablet"",""max_servings_per_day"":1,""min_servings_per_day"":1}","[{""daily_value_percent"":100.0,""name"":""Vitamin C"",""quantity"":90.0,""unit"":""mg""},{""daily_value_percent"":300.0,""name"":""Vitamin D"",""quantity"":60.0,""unit"":""mcg""},{""daily_value_percent"":100.0,""name"":""Zinc"",""quantity"":11.0,""unit"":""mg""},{""daily_value_percent"":null,""name"":""Quercetin"",""quantity"":570.0,""unit"":""mg""},{""daily_value_percent"":null,""name"":""Quercetin"",""quantity"":500.0,""unit"":""mg""},{""daily_value_percent"":null,""name"":""Bacillus Subtilis"",""quantity"":5.0,""unit"":""mg""}]","[""organic Tapioca Dextrose"",""organic Gum Arabic"",""organic Maltodextrin"",""organic Sunflower Lecithin"",""organic Palm Oil"",""organic Guar Gum"",""Rice hull""]","{""gmp"":{""claimed"":false,""fda_registered"":false,""gmp_certified_or_compliant"":false,""nsf_gmp"":false,""text_matched"":""""},""heavy_metal_tested"":false,""label_accuracy_verified"":false,""purity_verified"":false,""third_party_programs"":[]}","{""blends"":[{""child_ingredients"":[{""amount"":null,""name"":""Acerola Cherry fruit extract"",""unit"":""""},{""amount"":null,""name"":""Rose Hips fruit extract"",""unit"":""""}],""disclosure_level"":null,""hidden_count"":2,""name"":""Vitamin C"",""total_weight"":90.0,""unit"":""mg""}],""has_proprietary_blends"":true}"
PG-EB221E311B04,17,L-Serine,BulkSupplements.com,"{""basis_count"":2000.0,""basis_unit"":""mg"",""max_servings_per_day"":1,""min_servings_per_day"":1}","[{""daily_value_percent"":null,""name"":""Serine"",""quantity"":2000.0,""unit"":""mg""}]",[],"{""gmp"":{""claimed"":false,""fda_registered"":false,""gmp_certified_or_compliant"":false,""nsf_gmp"":false,""text_matched"":""""},""heavy_metal_tested"":false,""label_accuracy_verified"":false,""purity_verified"":false,""third_party_programs"":[]}","{""blends"":[],""has_proprietary_blends"":false}"
PG-C8342A0AB7D9,18,Chewable Probiotic Acidophilus Natural Strawberry Flavor,Nature's Bounty,"{""basis_count"":1.0,""basis_unit"":""wafer"",""max_servings_per_day"":3,""min_servings_per_day"":3}","[{""daily_value_percent"":null,""name"":""Lactobacillus Blend"",""quantity"":5.0,""unit"":""mg""}]","[""Sucrose"",""Fructose"",""Vegetable Cellulose"",""Stearic Acid"",""Citric Acid"",""Natural Flavors"",""Silica"",""Vegetable Magnesium Stearate""]","{""gmp"":{""claimed"":true,""fda_registered"":false,""gmp_certified_or_compliant"":false,""nsf_gmp"":false,""source"":""manufacturer_evidence"",""text_matched"":""""},""heavy_metal_tested"":false,""label_accuracy_verified"":false,""purity_verified"":false,""third_party_programs"":[]}","{""blends"":[{""child_ingredients"":[{""amount"":null,""name"":""Bifidobacterium lactis BI-04"",""unit"":""""},{""amount"":null,""name"":""Lactobacillus acidophilus La-14"",""unit"":""""}],""disclosure_level"":""partial"",""hidden_count"":2,""name"":""Lactobacillus Blend"",""total_weight"":5.0,""unit"":""mg""}],""has_proprietary_blends"":true}"
PG-F60A8DFCC01A,19,Amplified Wheybolic Extreme 60 Power Strawberries & Cream,GNC Pro Performance AMP,"{""basis_count"":88.0,""basis_unit"":""gram"",""max_servings_per_day"":2,""min_servings_per_day"":1}","[{""daily_value_percent"":22.0,""name"":""Calcium"",""quantity"":220.0,""unit"":""mg""},{""daily_value_percent"":3.0,""name"":""Potassium"",""quantity"":120.0,""unit"":""mg""},{""daily_value_percent"":null,""name"":""Leucine"",""quantity"":10.0,""unit"":""Gram(s)""},{""daily_value_percent"":null,""name"":""Isoleucine"",""quantity"":4.0,""unit"":""Gram(s)""},{""daily_value_percent"":null,""name"":""Valine"",""quantity"":4.0,""unit"":""Gram(s)""},{""daily_value_percent"":null,""name"":""Creatine"",""quantity"":3.0,""unit"":""Gram(s)""},{""daily_value_percent"":null,""name"":""Fenugreek"",""quantity"":200.0,""unit"":""mg""},{""daily_value_percent"":null,""name"":""Glutamine"",""quantity"":10.3,""unit"":""Gram(s)""},{""daily_value_percent"":null,""name"":""Arginine"",""quantity"":366.0,""unit"":""mg""}]","[""Protein Blend"",""Natural and Artificial flavors"",""Dicalcium Phopshate"",""Lecithin"",""nonfat dry Milk powder"",""Citric Acid"",""Gum Blend"",""Malic Acid"",""Sucralose"",""Beet powder"",""Salt"",""Acesulfame Potassium"",""Tartaric Acid""]","{""gmp"":{""claimed"":false,""fda_registered"":false,""gmp_certified_or_compliant"":false,""nsf_gmp"":false,""text_matched"":""""},""heavy_metal_tested"":false,""label_accuracy_verified"":false,""purity_verified"":true,""third_party_programs"":[{""name"":""Informed Choice"",""verified"":true}]}","{""blends"":[{""child_ingredients"":[{""amount"":10.3,""name"":""Glutamine"",""unit"":""Gram(s)""},{""amount"":366.0,""name"":""Arginine"",""unit"":""mg""}],""disclosure_level"":""full"",""hidden_count"":0,""name"":""Amino Acid Blend"",""total_weight"":366.0,""unit"":""mg""},{""child_ingredients"":[],""disclosure_level"":""none"",""hidden_count"":0,""name"":""Digestive Enzyme Blends"",""total_weight"":null,""unit"":""""},{""child_ingredients"":[],""disclosure_level"":""full"",""hidden_count"":0,""name"":""Power Complex"",""total_weight"":0,""unit"":""NP""},{""child_ingredients"":[],""disclosure_level"":""full"",""hidden_count"":0,""name"":""Amino Acceleration System"",""total_weight"":0,""unit"":""NP""},{""child_ingredients"":[{""amount"":10.0,""name"":""Leucine"",""unit"":""Gram(s)""},{""amount"":4.0,""name"":""Isoleucine"",""unit"":""Gram(s)""},{""amount"":4.0,""name"":""Valine"",""unit"":""Gram(s)""},{""amount"":3.0,""name"":""Creatine"",""unit"":""Gram(s)""},{""amount"":200.0,""name"":""Testofen Fenugreek seed extract"",""unit"":""mg""}],""disclosure_level"":""full"",""hidden_count"":0,""name"":""Power Complex"",""total_weight"":200.0,""unit"":""mg""},{""child_ingredients"":[{""amount"":null,""name"":""Alpha-Galactosidase"",""unit"":""""},{""amount"":null,""name"":""Aminogen"",""unit"":""""},{""amount"":null,""name"":""Amylase"",""unit"":""""},{""amount"":null,""name"":""Bromelain"",""unit"":""""},{""amount"":null,""name"":""Carbogen"",""unit"":""""},{""amount"":null,""name"":""Glucoamylase"",""unit"":""""},{""amount"":null,""name"":""Invertase"",""unit"":""""},{""amount"":null,""name"":""Lactase"",""unit"":""""},{""amount"":null,""name"":""Lipase"",""unit"":""""},{""amount"":null,""name"":""Peptidase"",""unit"":""""},{""amount"":null,""name"":""Protease"",""unit"":""""}],""disclosure_level"":null,""hidden_count"":11,""name"":""Enzyme Matrix Blend"",""total_weight"":79.0,""unit"":""mg""},{""child_ingredients"":[{""amount"":null,""name"":""CereCalase"",""unit"":""""}],""disclosure_level"":""none"",""hidden_count"":1,""name"":""Enzyme Matrix Blend"",""total_weight"":79.0,""unit"":""mg""},{""child_ingredients"":[{""amount"":null,""name"":""Beta-Glucanase"",""unit"":""""},{""amount"":null,""name"":""Hemicellulase"",""unit"":""""},{""amount"":null,""name"":""Phytase"",""unit"":""""}],""disclosure_level"":null,""hidden_count"":3,""name"":""CereCalase"",""total_weight"":0.0,""unit"":""""}],""has_proprietary_blends"":true}"
PG-DFBEA5D0F02F,20,Oceans 3 Beyond Omega-3 Cod Liver Oil Orange Tangerine Flavor,Garden Of Life,"{""basis_count"":3.0,""basis_unit"":""teaspoon"",""max_servings_per_day"":1,""min_servings_per_day"":1}","[{""daily_value_percent"":63.0,""name"":""Vitamin A"",""quantity"":3125.0,""unit"":""IU""},{""daily_value_percent"":8.0,""name"":""Vitamin D"",""quantity"":30.0,""unit"":""IU""},{""daily_value_percent"":21.0,""name"":""Vitamin A"",""quantity"":1042.0,""unit"":""IU""},{""daily_value_percent"":3.0,""name"":""Vitamin D"",""quantity"":10.0,""unit"":""IU""},{""daily_value_percent"":510.0,""name"":""Vitamin E"",""quantity"":153.0,""unit"":""IU""},{""daily_value_percent"":null,""name"":""Omega-3"",""quantity"":1148.0,""unit"":""mg""},{""daily_value_percent"":null,""name"":""EPA"",""quantity"":365.0,""unit"":""mg""},{""daily_value_percent"":null,""name"":""DHA"",""quantity"":550.0,""unit"":""mg""},{""daily_value_percent"":null,""name"":""Alpha-Linolenic Acid"",""quantity"":50.0,""unit"":""mg""},{""daily_value_percent"":null,""name"":""Alpha-Linolenic Acid"",""quantity"":150.0,""unit"":""mg""}]","[""natural Tangerine flavor"",""natural Orange flavor""]","{""gmp"":{""claimed"":false,""fda_registered"":false,""gmp_certified_or_compliant"":false,""nsf_gmp"":false,""text_matched"":""""},""heavy_metal_tested"":false,""label_accuracy_verified"":false,""purity_verified"":false,""third_party_programs"":[]}","{""blends"":[{""child_ingredients"":[{""amount"":null,""name"":""BioAstin"",""unit"":""""},{""amount"":null,""name"":""concentrated Fucoxanthin"",""unit"":""""},{""amount"":null,""name"":""highly purified Norwegian Cod Liver oil"",""unit"":""""}],""disclosure_level"":""partial"",""hidden_count"":3,""name"":""OmegaXanthin Blend"",""total_weight"":4626.0,""unit"":""mg""}],""has_proprietary_blends"":true}"
PG-8698F1ED2D39,21,FiberMend,Thorne,"{""basis_count"":11.0,""basis_unit"":""gram"",""max_servings_per_day"":1,""min_servings_per_day"":1}","[{""daily_value_percent"":null,""name"":""Rice Bran"",""quantity"":2.5,""unit"":""Gram(s)""},{""daily_value_percent"":null,""name"":""Arabinogalactan"",""quantity"":300.0,""unit"":""mg""},{""daily_value_percent"":null,""name"":""Pectin"",""quantity"":150.0,""unit"":""mg""},{""daily_value_percent"":null,""name"":""GreenSelect"",""quantity"":50.0,""unit"":""mg""}]",[],"{""gmp"":{""claimed"":false,""fda_registered"":false,""gmp_certified_or_compliant"":false,""nsf_gmp"":false,""text_matched"":""""},""heavy_metal_tested"":true,""label_accuracy_verified"":true,""purity_verified"":true,""third_party_programs"":[{""name"":""NSF Contents Certified"",""verified"":true}]}","{""blends"":[],""has_proprietary_blends"":false}"
PG-500F12800EC3,22,Potassium Iodide Tablets 130 mg,Double Wood Supplements,"{""basis_count"":2.0,""basis_unit"":""tablet"",""max_servings_per_day"":1,""min_servings_per_day"":1}","[{""daily_value_percent"":null,""name"":""Potassium"",""quantity"":130.0,""unit"":""mg""}]","[""Microcrystalline Cellulose"",""Magnesium Stearate"",""Dicalcium Phosphate"",""Croscarmellose Sodium"",""Silicon Dioxide""]","{""gmp"":{""claimed"":false,""fda_registered"":false,""gmp_certified_or_compliant"":false,""nsf_gmp"":false,""text_matched"":""""},""heavy_metal_tested"":false,""label_accuracy_verified"":false,""purity_verified"":false,""third_party_programs"":[]}","{""blends"":[],""has_proprietary_blends"":false}"
PG-6FE0C5248B80,23,BCAA 6 g Strawberry Lemonade,Nutricost Women,"{""basis_count"":11.0,""basis_unit"":""gram"",""max_servings_per_day"":1,""min_servings_per_day"":1}","[{""daily_value_percent"":130.0,""name"":""Vitamin D"",""quantity"":25.0,""unit"":""mcg""},{""daily_value_percent"":100.0,""name"":""Folate"",""quantity"":400.0,""unit"":""mcg DFE""},{""daily_value_percent"":1000.0,""name"":""Biotin"",""quantity"":300.0,""unit"":""mcg""},{""daily_value_percent"":10.0,""name"":""Calcium"",""quantity"":125.0,""unit"":""mg""},{""daily_value_percent"":null,""name"":""Leucine"",""quantity"":3000.0,""unit"":""mg""},{""daily_value_percent"":null,""name"":""Isoleucine"",""quantity"":1500.0,""unit"":""mg""},{""daily_value_percent"":null,""name"":""Valine"",""quantity"":1500.0,""unit"":""mg""},{""daily_value_percent"":null,""name"":""Hyaluronic Acid"",""quantity"":100.0,""unit"":""mg""},{""daily_value_percent"":null,""name"":""Dog Rose"",""quantity"":50.0,""unit"":""mg""},{""daily_value_percent"":null,""name"":""cranberry"",""quantity"":400.0,""unit"":""mcg""}]","[""Natural Flavors"",""Citric Acid"",""Malic Acid"",""Sucralose"",""Beet, Powder""]","{""gmp"":{""claimed"":true,""fda_registered"":false,""gmp_certified_or_compliant"":true,""nsf_gmp"":false,""text_matched"":""GMP""},""heavy_metal_tested"":false,""label_accuracy_verified"":false,""purity_verified"":false,""third_party_programs"":[]}","{""blends"":[],""has_proprietary_blends"":false}"
PG-4444B2EB1207,24,Probiotics 100 Billion,Garden of Life Dr. Formulated,"{""basis_count"":1.0,""basis_unit"":""capsule"",""max_servings_per_day"":1,""min_servings_per_day"":1}","[{""daily_value_percent"":null,""name"":""Proprietary Blend"",""quantity"":100.0,""unit"":""mg""},{""daily_value_percent"":null,""name"":""Extra Strength Probiotic Blend"",""quantity"":300.0,""unit"":""mg""},{""daily_value_percent"":null,""name"":""Upcycled Postbiotic Blend"",""quantity"":50.0,""unit"":""mg""}]","[""Cellulose""]","{""gmp"":{""claimed"":false,""fda_registered"":false,""gmp_certified_or_compliant"":false,""nsf_gmp"":false,""text_matched"":""""},""heavy_metal_tested"":false,""label_accuracy_verified"":false,""purity_verified"":false,""third_party_programs"":[]}","{""blends"":[{""child_ingredients"":[],""disclosure_level"":""none"",""hidden_count"":0,""name"":""Extra Strength Probiotic Blend"",""total_weight"":null,""unit"":""""},{""child_ingredients"":[{""amount"":null,""name"":""Bifidobacterium animalis lactis BL818"",""unit"":""""}],""disclosure_level"":""partial"",""hidden_count"":1,""name"":""Upcycled Postbiotic Blend"",""total_weight"":50.0,""unit"":""mg""},{""child_ingredients"":[{""amount"":null,""name"":""Acacia Fiber"",""unit"":""""},{""amount"":null,""name"":""Potato"",""unit"":""""},{""amount"":null,""name"":""PreforPro"",""unit"":""""}],""disclosure_level"":""partial"",""hidden_count"":3,""name"":""PreforPro Prebiotic Blend"",""total_weight"":100.0,""unit"":""mg""}],""has_proprietary_blends"":true}"
PG-1C4A2BBE4F77,25,Chewable Creatine Monohydrate Orange,GNC Pro Performance,"{""basis_count"":1.0,""basis_unit"":""wafer"",""max_servings_per_day"":1,""min_servings_per_day"":1}","[{""daily_value_percent"":null,""name"":""Creatine"",""quantity"":2.5,""unit"":""g""}]","[""Sucrose"",""Dextrose"",""Natural Flavors"",""Beta-Carotene"",""Riboflavin""]","{""gmp"":{""claimed"":false,""fda_registered"":false,""gmp_certified_or_compliant"":false,""nsf_gmp"":false,""text_matched"":""""},""heavy_metal_tested"":false,""label_accuracy_verified"":false,""purity_verified"":false,""third_party_programs"":[]}","{""blends"":[],""has_proprietary_blends"":false}"
PG-4761E87E3304,26,100% Whey Protein Chocolate Supreme,GNC Pro Performance,"{""basis_count"":71.0,""basis_unit"":""gram"",""max_servings_per_day"":1,""min_servings_per_day"":1}","[{""daily_value_percent"":9.0,""name"":""Potassium"",""quantity"":330.0,""unit"":""mg""},{""daily_value_percent"":null,""name"":""Vitamin A"",""quantity"":0.0,""unit"":""NP""},{""daily_value_percent"":13.0,""name"":""Calcium"",""quantity"":0.0,""unit"":""NP""},{""daily_value_percent"":null,""name"":""Vitamin C"",""quantity"":0.0,""unit"":""NP""},{""daily_value_percent"":9.0,""name"":""Iron"",""quantity"":0.0,""unit"":""NP""}]","[""Cocoa powder"",""Natural Flavors"",""Cellulose Gum"",""Lecithin"",""Xanthan Gum"",""Acesulfame Potassium"",""Sodium Chloride"",""Sucralose""]","{""gmp"":{""claimed"":false,""fda_registered"":false,""gmp_certified_or_compliant"":false,""nsf_gmp"":false,""text_matched"":""""},""heavy_metal_tested"":false,""label_accuracy_verified"":false,""purity_verified"":true,""third_party_programs"":[{""name"":""Informed Choice"",""verified"":true}]}","{""blends"":[],""has_proprietary_blends"":false}"
PG-FE5E51BBE318,27,Whey Protein Isolate Hydrolyzed Powder 30 g,BulkSupplements.com,"{""basis_count"":30.0,""basis_unit"":""gram"",""max_servings_per_day"":1,""min_servings_per_day"":1}","[{""daily_value_percent"":null,""name"":""Vitamin D"",""quantity"":0.0,""unit"":""mcg""},{""daily_value_percent"":null,""name"":""Iron"",""quantity"":0.0,""unit"":""mg""},{""daily_value_percent"":10.0,""name"":""Calcium"",""quantity"":119.0,""unit"":""mg""},{""daily_value_percent"":3.0,""name"":""Potassium"",""quantity"":130.0,""unit"":""mg""}]","[""Whey Protein Isolate"",""Sunflower Lecithin""]","{""gmp"":{""claimed"":false,""fda_registered"":false,""gmp_certified_or_compliant"":false,""nsf_gmp"":false,""text_matched"":""""},""heavy_metal_tested"":false,""label_accuracy_verified"":false,""purity_verified"":false,""third_party_programs"":[]}","{""blends"":[],""has_proprietary_blends"":false}"
PG-2F68A4DAE2F1,28,Fortify Mood & Stress,Nature's Way,"{""basis_count"":1.0,""basis_unit"":""capsule"",""max_servings_per_day"":1,""min_servings_per_day"":1}","[{""daily_value_percent"":null,""name"":""Ashwagandha"",""quantity"":250.0,""unit"":""mg""}]","[""Potato Starch"",""Cellulose"",""plant-derived Capsule"",""Magnesium Stearate"",""Silica""]","{""gmp"":{""claimed"":false,""fda_registered"":false,""gmp_certified_or_compliant"":false,""nsf_gmp"":false,""text_matched"":""""},""heavy_metal_tested"":false,""label_accuracy_verified"":false,""purity_verified"":false,""third_party_programs"":[]}","{""blends"":[{""child_ingredients"":[{""amount"":null,""name"":""Bifidobacterium longum Rosell-175"",""unit"":""""},{""amount"":null,""name"":""HOWARU Bifidobacterium animalis lactis HN019"",""unit"":""""},{""amount"":null,""name"":""Lactobacillus helveticus Rosell-52ND"",""unit"":""""}],""disclosure_level"":""partial"",""hidden_count"":3,""name"":""Fortify Digestive & Emotional Health 5 billion CFU Proprietary Probiotic Blend"",""total_weight"":259.0,""unit"":""mg""}],""has_proprietary_blends"":true}"
PG-EE6E45ADF7AC,29,L-Citrulline,BulkSupplements.com,"{""basis_count"":3.0,""basis_unit"":""gram"",""max_servings_per_day"":2,""min_servings_per_day"":1}","[{""daily_value_percent"":null,""name"":""Citrulline"",""quantity"":3.0,""unit"":""Gram(s)""}]",[],"{""gmp"":{""claimed"":false,""fda_registered"":false,""gmp_certified_or_compliant"":false,""nsf_gmp"":false,""text_matched"":""""},""heavy_metal_tested"":false,""label_accuracy_verified"":false,""purity_verified"":false,""third_party_programs"":[]}","{""blends"":[],""has_proprietary_blends"":false}"
PG-DA75BD6D1D73,30,Renewable Energy. Beet & Pomegranate,Ora,"{""basis_count"":10.0,""basis_unit"":""gram"",""max_servings_per_day"":1,""min_servings_per_day"":1}","[{""daily_value_percent"":1.0,""name"":""Calcium"",""quantity"":8.3,""unit"":""mg""},{""daily_value_percent"":1.0,""name"":""Iron"",""quantity"":0.2,""unit"":""mg""},{""daily_value_percent"":null,""name"":""Starch"",""quantity"":0.0,""unit"":""NP""}]","[""organic Apple powder"",""natural Berry flavor"",""organic Raspberry"",""organic Cranberry"",""organic Monk Fruit"",""organic Raspberry flavor"",""organic Stevia""]","{""gmp"":{""claimed"":true,""fda_registered"":false,""gmp_certified_or_compliant"":false,""nsf_gmp"":false,""source"":""manufacturer_evidence"",""text_matched"":""""},""heavy_metal_tested"":false,""label_accuracy_verified"":false,""purity_verified"":false,""third_party_programs"":[]}","{""blends"":[{""child_ingredients"":[{""amount"":null,""name"":""organic Beet root juice powder"",""unit"":""""},{""amount"":null,""name"":""organic Kale"",""unit"":""""},{""amount"":null,""name"":""organic Pomegranate juice powder"",""unit"":""""},{""amount"":null,""name"":""organic Spinach"",""unit"":""""}],""disclosure_level"":""partial"",""hidden_count"":4,""name"":""Organic Nitric Oxide Blend"",""total_weight"":2.45,""unit"":""Gram(s)""},{""child_ingredients"":[],""disclosure_level"":""none"",""hidden_count"":0,""name"":""Adaptogen & Stress Support Blends"",""total_weight"":null,""unit"":""""},{""child_ingredients"":[{""amount"":null,""name"":""Tapioca"",""unit"":""""},{""amount"":null,""name"":""organic Coconut Water"",""unit"":""""},{""amount"":null,""name"":""organic Green Coffee"",""unit"":""""},{""amount"":null,""name"":""organic Matcha Green Tea"",""unit"":""""},{""amount"":null,""name"":""organic Yerba Mate"",""unit"":""""}],""disclosure_level"":""partial"",""hidden_count"":5,""name"":""Organic Energy and Electrolyte Blend"",""total_weight"":3.75,""unit"":""Gram(s)""},{""child_ingredients"":[{""amount"":null,""name"":""organic Ashwagandha"",""unit"":""""},{""amount"":null,""name"":""organic Cordyceps Mushroom"",""unit"":""""},{""amount"":null,""name"":""organic Eleuthero"",""unit"":""""},{""amount"":null,""name"":""organic Ginseng"",""unit"":""""},{""amount"":null,""name"":""organic Maca"",""unit"":""""},{""amount"":null,""name"":""organic Rhodiola"",""unit"":""""}],""disclosure_level"":null,""hidden_count"":6,""name"":""Organic Focus and Endurance Adaptogens"",""total_weight"":850.0,""unit"":""mg""}],""has_proprietary_blends"":true}"
PG-0234F0000021,31,PRE Pre-Workout Complex Blue Raspberry,Nutricost Performance,"{""basis_count"":16.0,""basis_unit"":""gram"",""max_servings_per_day"":2,""min_servings_per_day"":1}","[{""daily_value_percent"":4170.0,""name"":""Thiamin"",""quantity"":50.0,""unit"":""mg""},{""daily_value_percent"":160.0,""name"":""Niacin"",""quantity"":25.0,""unit"":""mg NE""},{""daily_value_percent"":3530.0,""name"":""Vitamin B6"",""quantity"":60.0,""unit"":""mg""},{""daily_value_percent"":8330.0,""name"":""Vitamin B12"",""quantity"":200.0,""unit"":""mcg""},{""daily_value_percent"":null,""name"":""Citrulline"",""quantity"":6000.0,""unit"":""mg""},{""daily_value_percent"":null,""name"":""Beta-Alanine"",""quantity"":3000.0,""unit"":""mg""},{""daily_value_percent"":null,""name"":""Taurine"",""quantity"":2000.0,""unit"":""mg""},{""daily_value_percent"":null,""name"":""Agmatine"",""quantity"":500.0,""unit"":""mg""},{""daily_value_percent"":null,""name"":""Tyrosine"",""quantity"":500.0,""unit"":""mg""},{""daily_value_percent"":null,""name"":""Theanine"",""quantity"":300.0,""unit"":""mg""},{""daily_value_percent"":null,""name"":""Caffeine"",""quantity"":300.0,""unit"":""mg""},{""daily_value_percent"":null,""name"":""Theobromine"",""quantity"":200.0,""unit"":""mg""},{""daily_value_percent"":null,""name"":""Huperzine"",""quantity"":200.0,""unit"":""mcg""}]","[""Natural Flavors"",""Malic Acid"",""Citric Acid"",""Calcium Silicate"",""Silica"",""Sucralose"",""Blue Spirulina""]","{""gmp"":{""claimed"":true,""fda_registered"":false,""gmp_certified_or_compliant"":true,""nsf_gmp"":false,""text_matched"":""GMP""},""heavy_metal_tested"":false,""label_accuracy_verified"":false,""purity_verified"":false,""third_party_programs"":[]}","{""blends"":[],""has_proprietary_blends"":false}"
PG-EA447BCED511,32,Zinc 50 mg,Spring Valley,"{""basis_count"":1.0,""basis_unit"":""caplet"",""max_servings_per_day"":1,""min_servings_per_day"":1}","[{""daily_value_percent"":455.0,""name"":""Zinc"",""quantity"":50.0,""unit"":""mg""}]","[""Zinc Gluconate"",""Microcrystalline Cellulose"",""Dicalcium Phosphate"",""Croscarmellose Sodium"",""Carnauba Wax"",""Hydroxypropyl Methylcellulose"",""Magnesium Stearate"",""Vanilla Flavor, Natural"",""Polyethylene Glycol"",""Stearic Acid""]","{""gmp"":{""claimed"":false,""fda_registered"":false,""gmp_certified_or_compliant"":false,""nsf_gmp"":false,""text_matched"":""""},""heavy_metal_tested"":false,""label_accuracy_verified"":false,""purity_verified"":false,""third_party_programs"":[]}","{""blends"":[],""has_proprietary_blends"":false}"
PG-5C3D45F1C877,33,Ripped Rooster,HUM,"{""basis_count"":1.0,""basis_unit"":""capsule"",""max_servings_per_day"":2,""min_servings_per_day"":2}","[{""daily_value_percent"":286.0,""name"":""Chromium"",""quantity"":100.0,""unit"":""mcg""},{""daily_value_percent"":null,""name"":""7-KETO-DHEA"",""quantity"":100.0,""unit"":""mg""},{""daily_value_percent"":null,""name"":""Green Tea leaf extract"",""quantity"":100.0,""unit"":""mg""}]","[""Rice Flour"",""Vegetarian Capsule"",""Cellulose"",""Vegetable Stearin"",""Magnesium Stearate"",""Silica""]","{""gmp"":{""claimed"":true,""fda_registered"":false,""gmp_certified_or_compliant"":true,""nsf_gmp"":false,""text_matched"":""GMP""},""heavy_metal_tested"":false,""label_accuracy_verified"":false,""purity_verified"":false,""third_party_programs"":[]}","{""blends"":[],""has_proprietary_blends"":false}"
PG-F2AF7FF185E0,34,New Zealand Whey Protein Concentrate Natural Chocolate Flavor,Life Extension,"{""basis_count"":32.0,""basis_unit"":""gram"",""max_servings_per_day"":1,""min_servings_per_day"":1}","[{""daily_value_percent"":8.0,""name"":""Potassium"",""quantity"":285.0,""unit"":""mg""},{""daily_value_percent"":13.0,""name"":""Calcium"",""quantity"":130.0,""unit"":""mg""}]","[""Whey Protein concentrate"",""Cocoa"",""Maltodextrin"",""Sunflower Oil powder"",""Gum Arabic"",""natural Chocolate flavor"",""Guar Gum"",""Xanthan Gum"",""Silica"",""Stevia extract""]","{""gmp"":{""claimed"":true,""fda_registered"":false,""gmp_certified_or_compliant"":false,""nsf_gmp"":false,""source"":""manufacturer_evidence"",""text_matched"":""""},""heavy_metal_tested"":false,""label_accuracy_verified"":false,""purity_verified"":false,""third_party_programs"":[]}","{""blends"":[],""has_proprietary_blends"":false}"
PG-6309F79770ED,35,Sambucus Zinc Lozenges Original Elderberry,Nature's Way,"{""basis_count"":1.0,""basis_unit"":""lozenge"",""max_servings_per_day"":4,""min_servings_per_day"":1}","[{""daily_value_percent"":67.0,""name"":""Vitamin C"",""quantity"":60.0,""unit"":""mg""},{""daily_value_percent"":45.0,""name"":""Zinc"",""quantity"":5.0,""unit"":""mg""},{""daily_value_percent"":null,""name"":""European Elder"",""quantity"":12.5,""unit"":""mg""},{""daily_value_percent"":null,""name"":""European Elder"",""quantity"":800.0,""unit"":""mg""}]","[""Tapioca Syrup"",""Cane Sugar"",""Water"",""Natural flavors""]","{""gmp"":{""claimed"":false,""fda_registered"":false,""gmp_certified_or_compliant"":false,""nsf_gmp"":false,""text_matched"":""""},""heavy_metal_tested"":false,""label_accuracy_verified"":false,""purity_verified"":false,""third_party_programs"":[]}","{""blends"":[],""has_proprietary_blends"":false}"
PG-E1A712AFCD3C,36,Amplified Wheybolic Extreme 60 Ripped French Vanilla,GNC Pro Performance AMP,"{""basis_count"":84.5,""basis_unit"":""gram"",""max_servings_per_day"":2,""min_servings_per_day"":1}","[{""daily_value_percent"":33.0,""name"":""Niacin"",""quantity"":6.6,""unit"":""mg""},{""daily_value_percent"":9.0,""name"":""Calcium"",""quantity"":90.0,""unit"":""mg""},{""daily_value_percent"":4.0,""name"":""Potassium"",""quantity"":130.0,""unit"":""mg""},{""daily_value_percent"":null,""name"":""Glutamine"",""quantity"":10.0,""unit"":""Gram(s)""},{""daily_value_percent"":null,""name"":""Leucine"",""quantity"":10.0,""unit"":""Gram(s)""},{""daily_value_percent"":null,""name"":""Leucine"",""quantity"":0.0,""unit"":""NP""},{""daily_value_percent"":null,""name"":""Arginine"",""quantity"":1.0,""unit"":""Gram(s)""},{""daily_value_percent"":null,""name"":""Alanine"",""quantity"":3.0,""unit"":""Gram(s)""},{""daily_value_percent"":null,""name"":""Tyrosine"",""quantity"":2.0,""unit"":""Gram(s)""},{""daily_value_percent"":null,""name"":""METHIONINE"",""quantity"":1.5,""unit"":""Gram(s)""},{""daily_value_percent"":null,""name"":""L-Carnitine"",""quantity"":1.0,""unit"":""Gram(s)""},{""daily_value_percent"":null,""name"":""Caffeine"",""quantity"":66.0,""unit"":""mg""},{""daily_value_percent"":null,""name"":""Piperine"",""quantity"":1.6,""unit"":""mg""}]","[""Protein Blend"",""Natural and Artificial flavors"",""Lecithin"",""Titanium Dioxide"",""Non-Fat Milk Powder"",""Cellulose Gum"",""Sucralose"",""Salt"",""Acesulfame Potassium""]","{""gmp"":{""claimed"":false,""fda_registered"":false,""gmp_certified_or_compliant"":false,""nsf_gmp"":false,""text_matched"":""""},""heavy_metal_tested"":false,""label_accuracy_verified"":false,""purity_verified"":false,""third_party_programs"":[]}","{""blends"":[{""child_ingredients"":[{""amount"":10.0,""name"":""Glutamine"",""unit"":""Gram(s)""},{""amount"":10.0,""name"":""Leucine"",""unit"":""Gram(s)""},{""amount"":1.0,""name"":""Arginine"",""unit"":""Gram(s)""}],""disclosure_level"":""full"",""hidden_count"":0,""name"":""Amino Acid Blend"",""total_weight"":10.0,""unit"":""Gram(s)""},{""child_ingredients"":[],""disclosure_level"":""none"",""hidden_count"":0,""name"":""Digestive Enzyme Blends"",""total_weight"":null,""unit"":""""},{""child_ingredients"":[],""disclosure_level"":""full"",""hidden_count"":0,""name"":""Metabolizer Matrix"",""total_weight"":0,""unit"":""NP""},{""child_ingredients"":[],""disclosure_level"":""full"",""hidden_count"":0,""name"":""Shredded Complex"",""total_weight"":0,""unit"":""NP""},{""child_ingredients"":[],""disclosure_level"":""full"",""hidden_count"":0,""name"":""Amino Acceleration System"",""total_weight"":0,""unit"":""NP""},{""child_ingredients"":[{""amount"":null,""name"":""as Whey Protein isolate"",""unit"":""""},{""amount"":null,""name"":""hydrolyzed Whey Protein"",""unit"":""""}],""disclosure_level"":null,""hidden_count"":2,""name"":""Glutamine"",""total_weight"":10.0,""unit"":""Gram(s)""},{""child_ingredients"":[{""amount"":null,""name"":""L-Leucine, Micronized"",""unit"":""""},{""amount"":null,""name"":""as Whey Protein isolate"",""unit"":""""},{""amount"":null,""name"":""hydrolyzed Whey Protein"",""unit"":""""}],""disclosure_level"":null,""hidden_count"":3,""name"":""Leucine"",""total_weight"":10.0,""unit"":""Gram(s)""},{""child_ingredients"":[{""amount"":null,""name"":""as Whey Protein isolate"",""unit"":""""},{""amount"":null,""name"":""hydrolyzed Whey Protein"",""unit"":""""}],""disclosure_level"":null,""hidden_count"":2,""name"":""Arginine"",""total_weight"":1.0,""unit"":""Gram(s)""},{""child_ingredients"":[{""amount"":3.0,""name"":""Alanine"",""unit"":""Gram(s)""},{""amount"":2.0,""name"":""Tyrosine"",""unit"":""Gram(s)""},{""amount"":1.5,""name"":""Methionine"",""unit"":""Gram(s)""},{""amount"":1.0,""name"":""L-Carnitine"",""unit"":""Gram(s)""}],""disclosure_level"":""full"",""hidden_count"":0,""name"":""Metabolizer Matrix"",""total_weight"":3.0,""unit"":""Gram(s)""},{""child_ingredients"":[{""amount"":null,""name"":""as Whey Protein isolate"",""unit"":""""},{""amount"":null,""name"":""hydrolyzed Whey Protein"",""unit"":""""}],""disclosure_level"":null,""hidden_count"":2,""name"":""Alanine"",""total_weight"":3.0,""unit"":""Gram(s)""},{""child_ingredients"":[{""amount"":null,""name"":""as Whey Protein isolate"",""unit"":""""},{""amount"":null,""name"":""hydrolyzed Whey Protein"",""unit"":""""}],""disclosure_level"":null,""hidden_count"":2,""name"":""Tyrosine"",""total_weight"":2.0,""unit"":""Gram(s)""},{""child_ingredients"":[{""amount"":null,""name"":""as Whey Protein isolate"",""unit"":""""},{""amount"":null,""name"":""hydrolyzed Whey Protein"",""unit"":""""}],""disclosure_level"":null,""hidden_count"":2,""name"":""Methionine"",""total_weight"":1.5,""unit"":""Gram(s)""},{""child_ingredients"":[{""amount"":133.0,""name"":""Svetol Green Coffee extract"",""unit"":""mg""},{""amount"":66.0,""name"":""Caffeine"",""unit"":""mg""},{""amount"":33.0,""name"":""Capsimax(TM) Capsicum Extract"",""unit"":""mg""},{""amount"":16.0,""name"":""Brown Seaweed"",""unit"":""mg""},{""amount"":1.6,""name"":""Piperine beadlets"",""unit"":""mg""}],""disclosure_level"":""full"",""hidden_count"":0,""name"":""Shredded Complex"",""total_weight"":133.0,""unit"":""mg""},{""child_ingredients"":[{""amount"":null,""name"":""Enzyme Blend"",""unit"":""""}],""disclosure_level"":""none"",""hidden_count"":1,""name"":""Enzyme Matrix Blend"",""total_weight"":79.0,""unit"":""mg""},{""child_ingredients"":[{""amount"":null,""name"":""Aminogen"",""unit"":""""},{""amount"":null,""name"":""Carbogen"",""unit"":""""}],""disclosure_level"":null,""hidden_count"":2,""name"":""Enzyme Matrix Blend"",""total_weight"":79.0,""unit"":""mg""},{""child_ingredients"":[{""amount"":null,""name"":""Alpha-Galactosidase"",""unit"":""""},{""amount"":null,""name"":""Amylase"",""unit"":""""},{""amount"":null,""name"":""Bromelain"",""unit"":""""},{""amount"":null,""name"":""CereCalase"",""unit"":""""},{""amount"":null,""name"":""Glucoamylase"",""unit"":""""},{""amount"":null,""name"":""Invertase"",""unit"":""""},{""amount"":null,""name"":""Lactase"",""unit"":""""},{""amount"":null,""name"":""Lipase"",""unit"":""""},{""amount"":null,""name"":""Peptidase"",""unit"":""""},{""amount"":null,""name"":""Protease"",""unit"":""""},{""amount"":null,""name"":""Protease 3"",""unit"":""""},{""amount"":null,""name"":""Protease 4.5"",""unit"":""""},{""amount"":null,""name"":""Protease 6"",""unit"":""""}],""disclosure_level"":null,""hidden_count"":13,""name"":""Enzyme Blend"",""total_weight"":0.0,""unit"":""""}],""has_proprietary_blends"":true}"
PG-76146551F156,37,B-Complex Supplement With Vitamin C,Nature Made,"{""basis_count"":1.0,""basis_unit"":""caplet"",""max_servings_per_day"":1,""min_servings_per_day"":1}","[{""daily_value_percent"":500.0,""name"":""Vitamin C"",""quantity"":300.0,""unit"":""mg""},{""daily_value_percent"":1000.0,""name"":""Thiamin"",""quantity"":15.0,""unit"":""mg""},{""daily_value_percent"":600.0,""name"":""Riboflavin"",""quantity"":10.2,""unit"":""mg""},{""daily_value_percent"":250.0,""name"":""Niacin"",""quantity"":50.0,""unit"":""mg""},{""daily_value_percent"":250.0,""name"":""Vitamin B6"",""quantity"":5.0,""unit"":""mg""},{""daily_value_percent"":100.0,""name"":""Vitamin B5"",""quantity"":10.0,""unit"":""mg""}]","[""Ascorbic Acid"",""Cellulose Gel"",""Niacinamide"",""Hydroxypropyl Methylcellulose"",""Thiamine Mononitrate"",""Calcium D-Pantothenate"",""Croscarmellose Sodium"",""Pyridoxine Hydrochloride"",""Magnesium Stearate"",""Polyethylene Glycol""]","{""gmp"":{""claimed"":false,""fda_registered"":false,""gmp_certified_or_compliant"":false,""nsf_gmp"":false,""text_matched"":""""},""heavy_metal_tested"":true,""label_accuracy_verified"":true,""purity_verified"":true,""third_party_programs"":[{""name"":""USP Verified"",""verified"":true}]}","{""blends"":[],""has_proprietary_blends"":false}"
PG-28CD5EF3B4A1,38,Keto Omega-3 1400 mg,Sports Research,"{""basis_count"":4.0,""basis_unit"":""softgel"",""max_servings_per_day"":1,""min_servings_per_day"":1}","[{""daily_value_percent"":null,""name"":""Fish"",""quantity"":0.0,""unit"":""NP""},{""daily_value_percent"":null,""name"":""Fish Oil"",""quantity"":0.0,""unit"":""NP""},{""daily_value_percent"":null,""name"":""EPA"",""quantity"":840.0,""unit"":""mg""},{""daily_value_percent"":null,""name"":""DHA"",""quantity"":380.0,""unit"":""mg""},{""daily_value_percent"":null,""name"":""Astaxanthin"",""quantity"":500.0,""unit"":""mcg""},{""daily_value_percent"":null,""name"":""Medium chain triglycerides"",""quantity"":2.0,""unit"":""Gram(s)""}]","[""Fish Gelatin"",""Glycerin"",""Water, Purified"",""Tocopherols""]","{""gmp"":{""claimed"":true,""fda_registered"":false,""gmp_certified_or_compliant"":true,""nsf_gmp"":false,""text_matched"":""GMP""},""heavy_metal_tested"":false,""label_accuracy_verified"":false,""purity_verified"":false,""third_party_programs"":[]}","{""blends"":[{""child_ingredients"":[{""amount"":200.0,""name"":""Phospholipids"",""unit"":""mg""},{""amount"":500.0,""name"":""Astaxanthin"",""unit"":""mcg""},{""amount"":null,""name"":""Salmon Oil"",""unit"":""""},{""amount"":null,""name"":""Superba2"",""unit"":""""},{""amount"":null,""name"":""Wild Alaska Pollock"",""unit"":""""}],""disclosure_level"":""partial"",""hidden_count"":3,""name"":""Keto Omega-3 Complex"",""total_weight"":2760.0,""unit"":""mg""}],""has_proprietary_blends"":true}"
PG-5FB663ED1D0D,39,Magnesium L-Threonate 2000 mg,Double Wood Supplements,"{""basis_count"":4.0,""basis_unit"":""capsule"",""max_servings_per_day"":1.0,""min_servings_per_day"":0.5}","[{""daily_value_percent"":null,""name"":""Magnesium"",""quantity"":2000.0,""unit"":""mg""},{""daily_value_percent"":34.29,""name"":""Magnesium"",""quantity"":144.0,""unit"":""mg""}]","[""Gelatin"",""Rice Flour""]","{""gmp"":{""claimed"":false,""fda_registered"":false,""gmp_certified_or_compliant"":false,""nsf_gmp"":false,""text_matched"":""""},""heavy_metal_tested"":false,""label_accuracy_verified"":false,""purity_verified"":false,""third_party_programs"":[]}","{""blends"":[],""has_proprietary_blends"":false}"
PG-A50063EB25BA,40,Living Multi Optimal Women's Formula,Garden of Life,"{""basis_count"":6.0,""basis_unit"":""caplet"",""max_servings_per_day"":1,""min_servings_per_day"":1}","[{""daily_value_percent"":8.0,""name"":""Fiber (unspecified)"",""quantity"":2.0,""unit"":""Gram(s)""},{""daily_value_percent"":200.0,""name"":""Vitamin A"",""quantity"":10000.0,""unit"":""IU""},{""daily_value_percent"":150.0,""name"":""Vitamin C"",""quantity"":90.0,""unit"":""mg""},{""daily_value_percent"":50.0,""name"":""Vitamin D"",""quantity"":200.0,""unit"":""IU""},{""daily_value_percent"":150.0,""name"":""Vitamin E"",""quantity"":45.0,""unit"":""IU""},{""daily_value_percent"":300.0,""name"":""Thiamin"",""quantity"":4.5,""unit"":""mg""},{""daily_value_percent"":300.0,""name"":""Riboflavin"",""quantity"":5.1,""unit"":""mg""},{""daily_value_percent"":150.0,""name"":""Niacin"",""quantity"":30.0,""unit"":""mg""},{""daily_value_percent"":300.0,""name"":""Vitamin B6"",""quantity"":6.0,""unit"":""mg""},{""daily_value_percent"":100.0,""name"":""Folate"",""quantity"":400.0,""unit"":""mcg""},{""daily_value_percent"":800.0,""name"":""Vitamin B12"",""quantity"":48.0,""unit"":""mcg""},{""daily_value_percent"":300.0,""name"":""Biotin"",""quantity"":900.0,""unit"":""mcg""},{""daily_value_percent"":300.0,""name"":""Vitamin B5"",""quantity"":30.0,""unit"":""mg""},{""daily_value_percent"":40.0,""name"":""Calcium"",""quantity"":400.0,""unit"":""mg""},{""daily_value_percent"":120.0,""name"":""Iodine"",""quantity"":180.0,""unit"":""mcg""},{""daily_value_percent"":100.0,""name"":""Iron"",""quantity"":18.0,""unit"":""mg""},{""daily_value_percent"":21.0,""name"":""Magnesium"",""quantity"":85.0,""unit"":""mg""},{""daily_value_percent"":100.0,""name"":""Zinc"",""quantity"":15.0,""unit"":""mg""},{""daily_value_percent"":143.0,""name"":""Selenium"",""quantity"":100.0,""unit"":""mcg""},{""daily_value_percent"":10.0,""name"":""Copper"",""quantity"":200.0,""unit"":""mcg""},{""daily_value_percent"":150.0,""name"":""Manganese"",""quantity"":3.0,""unit"":""mg""},{""daily_value_percent"":167.0,""name"":""Chromium"",""quantity"":200.0,""unit"":""mcg""},{""daily_value_percent"":100.0,""name"":""Molybdenum"",""quantity"":75.0,""unit"":""mg""},{""daily_value_percent"":1.0,""name"":""Potassium"",""quantity"":30.0,""unit"":""mg""},{""daily_value_percent"":null,""name"":""Boron"",""quantity"":2.0,""unit"":""mg""},{""daily_value_percent"":null,""name"":""Vanadium"",""quantity"":120.0,""unit"":""mcg""},{""daily_value_percent"":null,""name"":""Choline"",""quantity"":30.0,""unit"":""mg""},{""daily_value_percent"":null,""name"":""Lycopene"",""quantity"":5.0,""unit"":""mg""},{""daily_value_percent"":null,""name"":""Lutein"",""quantity"":5.0,""unit"":""mg""},{""daily_value_percent"":null,""name"":""Red Algae"",""quantity"":0.0,""unit"":""NP""},{""daily_value_percent"":null,""name"":""celery"",""quantity"":0.0,""unit"":""NP""}]","[""Microcrystalline Cellulose"",""Sodium Croscarmellose"",""Oat Fiber"",""Silicon Dioxide"",""Magnesium Stearate"",""Stearic Acid"",""Probiotic Cultures""]","{""gmp"":{""claimed"":false,""fda_registered"":false,""gmp_certified_or_compliant"":false,""nsf_gmp"":false,""text_matched"":""""},""heavy_metal_tested"":false,""label_accuracy_verified"":false,""purity_verified"":false,""third_party_programs"":[]}","{""blends"":[{""child_ingredients"":[{""amount"":null,""name"":""Acerola Cherry"",""unit"":""""},{""amount"":null,""name"":""Apple"",""unit"":""""},{""amount"":null,""name"":""Artichoke Extract"",""unit"":""""},{""amount"":null,""name"":""Black Currant extract"",""unit"":""""},{""amount"":null,""name"":""Blueberry"",""unit"":""""},{""amount"":null,""name"":""Cranberry"",""unit"":""""},{""amount"":null,""name"":""Grape leaf extract"",""unit"":""""},{""amount"":null,""name"":""Grape seed extract"",""unit"":""""},{""amount"":null,""name"":""Grape skin extract"",""unit"":""""},{""amount"":null,""name"":""Onion"",""unit"":""""},{""amount"":null,""name"":""Plum"",""unit"":""""},{""amount"":null,""name"":""Pomegranate"",""unit"":""""},{""amount"":null,""name"":""Raspberry"",""unit"":""""},{""amount"":null,""name"":""Salad Extract"",""unit"":""""},{""amount"":null,""name"":""Strawberry"",""unit"":""""}],""disclosure_level"":""partial"",""hidden_count"":15,""name"":""Natural Antioxidant Fruit & Veggie Blend"",""total_weight"":1.3,""unit"":""mg""},{""child_ingredients"":[{""amount"":null,""name"":""Apple Extract"",""unit"":""""},{""amount"":null,""name"":""Dong Quai"",""unit"":""""},{""amount"":null,""name"":""Pomegranate extract"",""unit"":""""},{""amount"":null,""name"":""Red Clover"",""unit"":""""},{""amount"":null,""name"":""Rhododendron caucasicum Extract"",""unit"":""""},{""amount"":null,""name"":""Wild Yam Whole Herb"",""unit"":""""},{""amount"":null,""name"":""calcified Red Algae"",""unit"":""""}],""disclosure_level"":""partial"",""hidden_count"":7,""name"":""Women's Blend"",""total_weight"":1.8,""unit"":""Gram(s)""},{""child_ingredients"":[{""amount"":null,""name"":""Alaria esculenta"",""unit"":""""},{""amount"":null,""name"":""Ascophyllum nodosum"",""unit"":""""},{""amount"":null,""name"":""Chlorella"",""unit"":""""},{""amount"":null,""name"":""Ecklonia kurome"",""unit"":""""},{""amount"":null,""name"":""Ecklonia radiata"",""unit"":""""},{""amount"":null,""name"":""Laminaria japonica"",""unit"":""""},{""amount"":null,""name"":""Macrocystis pyrifera"",""unit"":""""},{""amount"":null,""name"":""Spirulina"",""unit"":""""}],""disclosure_level"":""partial"",""hidden_count"":8,""name"":""Poten-Zyme(R) Sea Veggie Blend"",""total_weight"":660.0,""unit"":""mg""},{""child_ingredients"":[{""amount"":null,""name"":""Aricularia auricula"",""unit"":""""},{""amount"":null,""name"":""Cordyceps sinensis"",""unit"":""""},{""amount"":null,""name"":""Coriolus versicolor"",""unit"":""""},{""amount"":null,""name"":""Maitake"",""unit"":""""},{""amount"":null,""name"":""Polyporus umbellatus"",""unit"":""""},{""amount"":null,""name"":""Poria cocos"",""unit"":""""},{""amount"":null,""name"":""Reishi"",""unit"":""""},{""amount"":null,""name"":""Shiitake"",""unit"":""""},{""amount"":null,""name"":""Tremella fuciformis"",""unit"":""""},{""amount"":null,""name"":""organic Hericium erinaceus"",""unit"":""""}],""disclosure_level"":""partial"",""hidden_count"":10,""name"":""Poten-Zyme(R) Tonic Mushroom Blend"",""total_weight"":450.0,""unit"":""mg""},{""child_ingredients"":[{""amount"":null,""name"":""Adzuki"",""unit"":""""},{""amount"":null,""name"":""Amaranth"",""unit"":""""},{""amount"":null,""name"":""Asparagus"",""unit"":""""},{""amount"":null,""name"":""Beet"",""unit"":""""},{""amount"":null,""name"":""Broccoli"",""unit"":""""},{""amount"":null,""name"":""Brussels"",""unit"":""""},{""amount"":null,""name"":""Carrot"",""unit"":""""},{""amount"":null,""name"":""Cauliflower"",""unit"":""""},{""amount"":null,""name"":""Celery"",""unit"":""""},{""amount"":null,""name"":""Chia seed"",""unit"":""""},{""amount"":null,""name"":""Cucumber"",""unit"":""""},{""amount"":null,""name"":""Garbanzo Bean"",""unit"":""""},{""amount"":null,""name"":""Garlic"",""unit"":""""},{""amount"":null,""name"":""Green Bell Pepper"",""unit"":""""},{""amount"":null,""name"":""Green Onion"",""unit"":""""},{""amount"":null,""name"":""Kale"",""unit"":""""},{""amount"":null,""name"":""Lentil"",""unit"":""""},{""amount"":null,""name"":""Millet"",""unit"":""""},{""amount"":null,""name"":""Parsley"",""unit"":""""},{""amount"":null,""name"":""Quinoa"",""unit"":""""},{""amount"":null,""name"":""Red Cabbage"",""unit"":""""},{""amount"":null,""name"":""Spinach"",""unit"":""""},{""amount"":null,""name"":""Sunflower Seed"",""unit"":""""},{""amount"":null,""name"":""Tomato"",""unit"":""""},{""amount"":null,""name"":""organic Barley"",""unit"":""""},{""amount"":null,""name"":""organic Buckwheat"",""unit"":""""},{""amount"":null,""name"":""organic Flax Seed"",""unit"":""""},{""amount"":null,""name"":""organic Ginger"",""unit"":""""},{""amount"":null,""name"":""organic Oat Grass"",""unit"":""""},{""amount"":null,""name"":""organic Pumpkin"",""unit"":""""},{""amount"":null,""name"":""organic Sesame"",""unit"":""""}],""disclosure_level"":""partial"",""hidden_count"":31,""name"":""Poten-Zyme(R) Veggie Juice Blend"",""total_weight"":430.0,""unit"":""mg""},{""child_ingredients"":[{""amount"":null,""name"":""Coffee extract"",""unit"":""""},{""amount"":null,""name"":""Ginger extract"",""unit"":""""},{""amount"":null,""name"":""Green Tea extract"",""unit"":""""},{""amount"":null,""name"":""Marigold extract"",""unit"":""""},{""amount"":null,""name"":""Rosemary extract"",""unit"":""""},{""amount"":null,""name"":""Thyme Extract"",""unit"":""""},{""amount"":null,""name"":""Tumeric Extract"",""unit"":""""},{""amount"":null,""name"":""White Tea extract"",""unit"":""""}],""disclosure_level"":""partial"",""hidden_count"":8,""name"":""Antioxidant Beverage & Spice Blend"",""total_weight"":232.0,""unit"":""mg""}],""has_proprietary_blends"":true}"
PG-A1711B3C3326,41,FloraPro-LP Probiotic,Thorne,"{""basis_count"":1.0,""basis_unit"":""tablet"",""max_servings_per_day"":1,""min_servings_per_day"":1}","[{""daily_value_percent"":null,""name"":""Probiotic Blend"",""quantity"":120.0,""unit"":""mg""}]","[""Microcrystalline Cellulose"",""Hydroxypropyl Methylcellulose"",""Pectin"",""Rice Bran Extract"",""Sodium Carbonate"",""Turmeric""]","{""gmp"":{""claimed"":false,""fda_registered"":false,""gmp_certified_or_compliant"":false,""nsf_gmp"":false,""text_matched"":""""},""heavy_metal_tested"":false,""label_accuracy_verified"":false,""purity_verified"":false,""third_party_programs"":[]}","{""blends"":[{""child_ingredients"":[{""amount"":null,""name"":""Lactobacillus plantarum DSM-6595"",""unit"":""""}],""disclosure_level"":""partial"",""hidden_count"":1,""name"":""Probiotic Blend"",""total_weight"":120.0,""unit"":""mg""}],""has_proprietary_blends"":true}"
PG-DD49603686DC,42,Pre-Workout Complex Blue Raspberry,Nutricost Women,"{""basis_count"":11.4,""basis_unit"":""gram"",""max_servings_per_day"":0.17543859649122806,""min_servings_per_day"":0.08771929824561403}","[{""daily_value_percent"":1250.0,""name"":""Thiamin"",""quantity"":15.0,""unit"":""mg""},{""daily_value_percent"":130.0,""name"":""Niacin"",""quantity"":20.0,""unit"":""mg""},{""daily_value_percent"":1180.0,""name"":""Vitamin B6"",""quantity"":20.0,""unit"":""mg""},{""daily_value_percent"":90.0,""name"":""Folate"",""quantity"":340.0,""unit"":""mcg DFE""},{""daily_value_percent"":5210.0,""name"":""Vitamin B12"",""quantity"":125.0,""unit"":""mcg""},{""daily_value_percent"":null,""name"":""Citrulline"",""quantity"":4000.0,""unit"":""mg""},{""daily_value_percent"":null,""name"":""Beta-Alanine"",""quantity"":2000.0,""unit"":""mg""},{""daily_value_percent"":null,""name"":""Betaine Anhydrous"",""quantity"":1200.0,""unit"":""mg""},{""daily_value_percent"":null,""name"":""AAKG"",""quantity"":750.0,""unit"":""mg""},{""daily_value_percent"":null,""name"":""Agmatine"",""quantity"":500.0,""unit"":""mg""},{""daily_value_percent"":null,""name"":""NALT"",""quantity"":300.0,""unit"":""mg""},{""daily_value_percent"":null,""name"":""Theanine"",""quantity"":200.0,""unit"":""mg""},{""daily_value_percent"":null,""name"":""Caffeine"",""quantity"":200.0,""unit"":""mg""},{""daily_value_percent"":null,""name"":""Norvaline"",""quantity"":100.0,""unit"":""mg""},{""daily_value_percent"":null,""name"":""Theobromine"",""quantity"":100.0,""unit"":""mg""},{""daily_value_percent"":null,""name"":""Huperzine"",""quantity"":50.0,""unit"":""mcg""}]","[""Natural Flavors"",""Malic Acid"",""Citric Acid"",""Calcium Silicate"",""Silicon Dioxide"",""Sucralose"",""Blue Spirulina""]","{""gmp"":{""claimed"":true,""fda_registered"":false,""gmp_certified_or_compliant"":true,""nsf_gmp"":false,""text_matched"":""GMP""},""heavy_metal_tested"":false,""label_accuracy_verified"":false,""purity_verified"":false,""third_party_programs"":[]}","{""blends"":[],""has_proprietary_blends"":false}"
PG-D74EB1ADF472,43,HMB (Calcium HMB),BulkSupplements.com,"{""basis_count"":1000.0,""basis_unit"":""mg"",""max_servings_per_day"":2,""min_servings_per_day"":1}","[{""daily_value_percent"":12.0,""name"":""Calcium"",""quantity"":155.0,""unit"":""mg""},{""daily_value_percent"":null,""name"":""Beta-Hydroxy Beta-Methylbutyrate"",""quantity"":825.0,""unit"":""mg""}]",[],"{""gmp"":{""claimed"":false,""fda_registered"":false,""gmp_certified_or_compliant"":false,""nsf_gmp"":false,""text_matched"":""""},""heavy_metal_tested"":false,""label_accuracy_verified"":false,""purity_verified"":false,""third_party_programs"":[]}","{""blends"":[],""has_proprietary_blends"":false}"
PG-7E1CAA01A380,44,Balanced B-150,CVS Pharmacy,"{""basis_count"":1.0,""basis_unit"":""caplet"",""max_servings_per_day"":1,""min_servings_per_day"":1}","[{""daily_value_percent"":10000.0,""name"":""Thiamin"",""quantity"":150.0,""unit"":""mg""},{""daily_value_percent"":8824.0,""name"":""Riboflavin"",""quantity"":150.0,""unit"":""mg""},{""daily_value_percent"":750.0,""name"":""Niacin"",""quantity"":150.0,""unit"":""mg""},{""daily_value_percent"":7500.0,""name"":""Vitamin B6"",""quantity"":150.0,""unit"":""mg""},{""daily_value_percent"":100.0,""name"":""Folate"",""quantity"":400.0,""unit"":""mcg""},{""daily_value_percent"":2500.0,""name"":""Vitamin B12"",""quantity"":150.0,""unit"":""mcg""},{""daily_value_percent"":50.0,""name"":""Biotin"",""quantity"":150.0,""unit"":""mcg""},{""daily_value_percent"":1500.0,""name"":""Pantothenic Acid"",""quantity"":150.0,""unit"":""mg""},{""daily_value_percent"":7.0,""name"":""Calcium"",""quantity"":73.0,""unit"":""mg""}]","[""Hypromellose"",""Cellulose"",""Cellulose Coating"",""Maltodextrin"",""Silica"",""Stearic Acid"",""Vegetable Magnesium Stearate""]","{""gmp"":{""claimed"":false,""fda_registered"":false,""gmp_certified_or_compliant"":false,""nsf_gmp"":false,""text_matched"":""""},""heavy_metal_tested"":false,""label_accuracy_verified"":false,""purity_verified"":false,""third_party_programs"":[]}","{""blends"":[],""has_proprietary_blends"":false}"
PG-1D124743597D,45,Super Immune Support Natural Mixed Berry Citrus Flavor,vitafusion,"{""basis_count"":3.0,""basis_unit"":""gummy"",""max_servings_per_day"":1,""min_servings_per_day"":1}","[{""daily_value_percent"":333.0,""name"":""Vitamin C"",""quantity"":300.0,""unit"":""mg""},{""daily_value_percent"":114.0,""name"":""Zinc"",""quantity"":12.5,""unit"":""mg""},{""daily_value_percent"":null,""name"":""Elderberry (unspecified)"",""quantity"":300.0,""unit"":""mg""}]","[""Sugar"",""Glucose Syrup"",""Manuka Honey"",""Water"",""Gelatin"",""Citric Acid"",""Fumaric Acid"",""Malic Acid"",""Natural Flavors"",""Pectin""]","{""gmp"":{""claimed"":false,""fda_registered"":false,""gmp_certified_or_compliant"":false,""nsf_gmp"":false,""text_matched"":""""},""heavy_metal_tested"":false,""label_accuracy_verified"":false,""purity_verified"":false,""third_party_programs"":[]}","{""blends"":[],""has_proprietary_blends"":false}"
PG-397254D122C4,46,CoQ10 100 mg,Nutricost,"{""basis_count"":1.0,""basis_unit"":""capsule"",""max_servings_per_day"":1,""min_servings_per_day"":1}","[{""daily_value_percent"":null,""name"":""Coenzyme Q-10"",""quantity"":100.0,""unit"":""mg""}]","[""Vegetable Capsules"",""Rice Flour""]","{""gmp"":{""claimed"":false,""fda_registered"":false,""gmp_certified_or_compliant"":false,""nsf_gmp"":false,""text_matched"":""""},""heavy_metal_tested"":false,""label_accuracy_verified"":false,""purity_verified"":false,""third_party_programs"":[]}","{""blends"":[],""has_proprietary_blends"":false}"
PG-449618528529,47,Prenatal Multi + DHA 200 mg,Nature Made,"{""basis_count"":1.0,""basis_unit"":""softgel"",""max_servings_per_day"":1,""min_servings_per_day"":1}","[{""daily_value_percent"":59.0,""name"":""Vitamin A"",""quantity"":770.0,""unit"":""mcg""},{""daily_value_percent"":71.0,""name"":""Vitamin C"",""quantity"":85.0,""unit"":""mg""},{""daily_value_percent"":167.0,""name"":""Vitamin D"",""quantity"":25.0,""unit"":""mcg""},{""daily_value_percent"":79.0,""name"":""Vitamin E"",""quantity"":15.0,""unit"":""mg""},{""daily_value_percent"":100.0,""name"":""Vitamin K"",""quantity"":90.0,""unit"":""mcg""},{""daily_value_percent"":100.0,""name"":""Thiamin"",""quantity"":1.4,""unit"":""mg""},{""daily_value_percent"":88.0,""name"":""Riboflavin"",""quantity"":1.4,""unit"":""mg""},{""daily_value_percent"":100.0,""name"":""Niacin"",""quantity"":18.0,""unit"":""mg""},{""daily_value_percent"":95.0,""name"":""Vitamin B6"",""quantity"":1.9,""unit"":""mg""},{""daily_value_percent"":222.0,""name"":""Folate"",""quantity"":1330.0,""unit"":""mcg DFE""},{""daily_value_percent"":null,""name"":""Folate"",""quantity"":800.0,""unit"":""mcg""},{""daily_value_percent"":186.0,""name"":""Vitamin B12"",""quantity"":5.2,""unit"":""mcg""},{""daily_value_percent"":86.0,""name"":""Biotin"",""quantity"":30.0,""unit"":""mcg""},{""daily_value_percent"":86.0,""name"":""Pantothenic Acid"",""quantity"":6.0,""unit"":""mg""},{""daily_value_percent"":12.0,""name"":""Calcium"",""quantity"":150.0,""unit"":""mg""},{""daily_value_percent"":100.0,""name"":""Iron"",""quantity"":27.0,""unit"":""mg""},{""daily_value_percent"":52.0,""name"":""Iodine"",""quantity"":150.0,""unit"":""mcg""},{""daily_value_percent"":11.0,""name"":""Magnesium"",""quantity"":45.0,""unit"":""mg""},{""daily_value_percent"":85.0,""name"":""Zinc"",""quantity"":11.0,""unit"":""mg""},{""daily_value_percent"":null,""name"":""Omega-3"",""quantity"":260.0,""unit"":""mg""},{""daily_value_percent"":null,""name"":""DHA"",""quantity"":200.0,""unit"":""mg""},{""daily_value_percent"":null,""name"":""DHA"",""quantity"":60.0,""unit"":""mg""}]","[""Gelatin"",""Glycerin"",""Rapeseed Lecithin"",""Soybean Oil"",""Water"",""Dibasic Calcium Phosphate"",""yellow Beeswax"",""Tocopherols"",""Resin"",""Ascorbyl Palmitate""]","{""gmp"":{""claimed"":false,""fda_registered"":false,""gmp_certified_or_compliant"":false,""nsf_gmp"":false,""text_matched"":""""},""heavy_metal_tested"":true,""label_accuracy_verified"":true,""purity_verified"":true,""third_party_programs"":[{""name"":""USP Verified"",""verified"":true}]}","{""blends"":[],""has_proprietary_blends"":false}"
PG-BA3578AFB50C,48,Millers Bran 500 mg,Solgar,"{""basis_count"":6.0,""basis_unit"":""tablet"",""max_servings_per_day"":1,""min_servings_per_day"":1}","[{""daily_value_percent"":5.0,""name"":""Calcium"",""quantity"":45.0,""unit"":""mg""},{""daily_value_percent"":null,""name"":""Millers Bran"",""quantity"":1.0,""unit"":""Gram(s)""}]","[""Microcrystalline Cellulose"",""Vegetable Cellulose"",""Silica"",""Vegetable Glycerin""]","{""gmp"":{""claimed"":true,""fda_registered"":false,""gmp_certified_or_compliant"":false,""nsf_gmp"":false,""source"":""manufacturer_evidence"",""text_matched"":""""},""heavy_metal_tested"":false,""label_accuracy_verified"":false,""purity_verified"":false,""third_party_programs"":[]}","{""blends"":[],""has_proprietary_blends"":false}"
PG-AD7CACF13581,49,Amplified N.O. Loaded V2 Watermelon,GNC Pro Performance AMP,"{""basis_count"":22.6,""basis_unit"":""gram"",""max_servings_per_day"":1,""min_servings_per_day"":1}","[{""daily_value_percent"":250.0,""name"":""Vitamin D"",""quantity"":1000.0,""unit"":""IU""},{""daily_value_percent"":100.0,""name"":""Niacin"",""quantity"":20.0,""unit"":""mg""},{""daily_value_percent"":null,""name"":""Betaine"",""quantity"":2.5,""unit"":""Gram(s)""},{""daily_value_percent"":null,""name"":""Beta-Alanine"",""quantity"":1.8,""unit"":""Gram(s)""},{""daily_value_percent"":null,""name"":""Creatine"",""quantity"":1.25,""unit"":""Gram(s)""},{""daily_value_percent"":null,""name"":""Creatine"",""quantity"":750.0,""unit"":""mg""},{""daily_value_percent"":null,""name"":""Glycocyamine"",""quantity"":35.0,""unit"":""mg""},{""daily_value_percent"":null,""name"":""Alpha-Ketoglutarate"",""quantity"":10.0,""unit"":""mg""},{""daily_value_percent"":null,""name"":""METHIONINE"",""quantity"":5.0,""unit"":""mg""},{""daily_value_percent"":null,""name"":""Arginine"",""quantity"":810.0,""unit"":""mg""},{""daily_value_percent"":null,""name"":""Citrulline"",""quantity"":225.0,""unit"":""mg""},{""daily_value_percent"":null,""name"":""Arginine AKG"",""quantity"":100.0,""unit"":""mg""},{""daily_value_percent"":null,""name"":""Arginine"",""quantity"":90.0,""unit"":""mg""},{""daily_value_percent"":null,""name"":""Resveratrol"",""quantity"":30.0,""unit"":""mg""},{""daily_value_percent"":null,""name"":""Yohimbe"",""quantity"":25.0,""unit"":""mg""},{""daily_value_percent"":null,""name"":""Rhodiola"",""quantity"":20.0,""unit"":""mg""},{""daily_value_percent"":null,""name"":""Caffeine"",""quantity"":150.0,""unit"":""mg""},{""daily_value_percent"":null,""name"":""L-Carnitine"",""quantity"":50.0,""unit"":""mg""}]","[""Natural and Artificial flavors"",""Citric Acid"",""Malic Acid"",""Gum Blend"",""Lecithin"",""Calcium Silicate"",""Silicon Dioxide"",""Sucralose"",""Tartaric Acid"",""Beet color"",""Acesulfame Potassium""]","{""gmp"":{""claimed"":false,""fda_registered"":false,""gmp_certified_or_compliant"":false,""nsf_gmp"":false,""text_matched"":""""},""heavy_metal_tested"":false,""label_accuracy_verified"":false,""purity_verified"":true,""third_party_programs"":[{""name"":""Informed Choice"",""verified"":true}]}","{""blends"":[{""child_ingredients"":[],""disclosure_level"":""full"",""hidden_count"":0,""name"":""Power and Performance Matrix"",""total_weight"":6.35,""unit"":""Gram(s)""},{""child_ingredients"":[],""disclosure_level"":""full"",""hidden_count"":0,""name"":""N.O. Accelerator Blend"",""total_weight"":1.3,""unit"":""Gram(s)""},{""child_ingredients"":[{""amount"":150.0,""name"":""Caffeine Anhydrous"",""unit"":""mg""},{""amount"":50.0,""name"":""L-Carnitine"",""unit"":""mg""}],""disclosure_level"":""full"",""hidden_count"":0,""name"":""Energizing Fatty Acid Metabolizer Blend"",""total_weight"":200.0,""unit"":""mg""},{""child_ingredients"":[{""amount"":2.5,""name"":""Betaine"",""unit"":""Gram(s)""},{""amount"":1.8,""name"":""CarnoSyn"",""unit"":""Gram(s)""},{""amount"":1.25,""name"":""Creatine HCl"",""unit"":""Gram(s)""},{""amount"":750.0,""name"":""micronized Creatine Monohydrate"",""unit"":""mg""},{""amount"":35.0,""name"":""Guanidinoacetate"",""unit"":""mg""},{""amount"":10.0,""name"":""Alpha-Ketoglutarate"",""unit"":""mg""},{""amount"":5.0,""name"":""L-Methionine"",""unit"":""mg""}],""disclosure_level"":""full"",""hidden_count"":0,""name"":""Power and Performance Matrix"",""total_weight"":750.0,""unit"":""mg""},{""child_ingredients"":[{""amount"":810.0,""name"":""L-Arginine"",""unit"":""mg""},{""amount"":225.0,""name"":""L-Citrulline"",""unit"":""mg""},{""amount"":100.0,""name"":""Arginine AKG"",""unit"":""mg""},{""amount"":90.0,""name"":""L-Arginine, Micronized"",""unit"":""mg""},{""amount"":30.0,""name"":""resVida Trans-Resveratrol"",""unit"":""mg""},{""amount"":25.0,""name"":""Yohimbe bark powder"",""unit"":""mg""},{""amount"":20.0,""name"":""Rhodiola rosea extract"",""unit"":""mg""}],""disclosure_level"":""full"",""hidden_count"":0,""name"":""N.O. Accelerator Blend"",""total_weight"":810.0,""unit"":""mg""}],""has_proprietary_blends"":true}"
PG-D8A8DA64EFFA,50,PRE Pre-Workout Complex Peach Mango,Nutricost Performance,"{""basis_count"":15.0,""basis_unit"":""gram"",""max_servings_per_day"":1,""min_servings_per_day"":1}","[{""daily_value_percent"":4170.0,""name"":""Thiamin"",""quantity"":50.0,""unit"":""mg""},{""daily_value_percent"":160.0,""name"":""Niacin"",""quantity"":25.0,""unit"":""mg NE""},{""daily_value_percent"":3530.0,""name"":""Vitamin B6"",""quantity"":60.0,""unit"":""mg""},{""daily_value_percent"":8330.0,""name"":""Vitamin B12"",""quantity"":200.0,""unit"":""mcg""},{""daily_value_percent"":null,""name"":""Citrulline"",""quantity"":6000.0,""unit"":""mg""},{""daily_value_percent"":null,""name"":""Beta-Alanine"",""quantity"":3000.0,""unit"":""mg""},{""daily_value_percent"":null,""name"":""Taurine"",""quantity"":2000.0,""unit"":""mg""},{""daily_value_percent"":null,""name"":""Agmatine"",""quantity"":500.0,""unit"":""mg""},{""daily_value_percent"":null,""name"":""Tyrosine"",""quantity"":500.0,""unit"":""mg""},{""daily_value_percent"":null,""name"":""Theanine"",""quantity"":300.0,""unit"":""mg""},{""daily_value_percent"":null,""name"":""Caffeine"",""quantity"":300.0,""unit"":""mg""},{""daily_value_percent"":null,""name"":""Theobromine"",""quantity"":200.0,""unit"":""mg""},{""daily_value_percent"":null,""name"":""Huperzine"",""quantity"":200.0,""unit"":""mcg""}]","[""Natural & Artificial Flavors"",""Calcium Silicate"",""Silica"",""Sucralose"",""Beta-Carotene"",""Beet, Powder""]","{""gmp"":{""claimed"":true,""fda_registered"":false,""gmp_certified_or_compliant"":true,""nsf_gmp"":false,""text_matched"":""GMP""},""heavy_metal_tested"":false,""label_accuracy_verified"":false,""purity_verified"":false,""third_party_programs"":[]}","{""blends"":[],""has_proprietary_blends"":false}"
PG-38E82988219B,51,MediClear Orange Vanilla Flavored,Thorne,"{""basis_count"":41.2,""basis_unit"":""gram"",""max_servings_per_day"":1,""min_servings_per_day"":1}","[{""daily_value_percent"":167.0,""name"":""Vitamin A"",""quantity"":1.5,""unit"":""mg""},{""daily_value_percent"":null,""name"":""beta-carotene"",""quantity"":900.0,""unit"":""mcg""},{""daily_value_percent"":null,""name"":""Vitamin A"",""quantity"":600.0,""unit"":""mcg""},{""daily_value_percent"":333.0,""name"":""Vitamin C"",""quantity"":300.0,""unit"":""mg""},{""daily_value_percent"":50.0,""name"":""Vitamin D"",""quantity"":10.0,""unit"":""mcg""},{""daily_value_percent"":537.0,""name"":""Vitamin E"",""quantity"":80.6,""unit"":""mg""},{""daily_value_percent"":null,""name"":""Vitamin E"",""quantity"":73.9,""unit"":""mg""},{""daily_value_percent"":null,""name"":""Vitamin E"",""quantity"":6.7,""unit"":""mg""},{""daily_value_percent"":null,""name"":""Vitamin E"",""quantity"":98.5,""unit"":""mg""},{""daily_value_percent"":1000.0,""name"":""Thiamin"",""quantity"":12.0,""unit"":""mg""},{""daily_value_percent"":385.0,""name"":""Vitamin B2"",""quantity"":5.0,""unit"":""mg""},{""daily_value_percent"":237.0,""name"":""Niacin"",""quantity"":38.0,""unit"":""mg""},{""daily_value_percent"":null,""name"":""Niacin"",""quantity"":30.0,""unit"":""mg""},{""daily_value_percent"":null,""name"":""Niacin"",""quantity"":8.0,""unit"":""mg""},{""daily_value_percent"":588.0,""name"":""Vitamin B6 (unspecified)"",""quantity"":10.0,""unit"":""mg""},{""daily_value_percent"":125.0,""name"":""Folate"",""quantity"":500.0,""unit"":""mcg DFE""},{""daily_value_percent"":null,""name"":""Vitamin B9"",""quantity"":300.0,""unit"":""mcg""},{""daily_value_percent"":2083.0,""name"":""Vitamin B12"",""quantity"":50.0,""unit"":""mcg""},{""daily_value_percent"":500.0,""name"":""Biotin"",""quantity"":150.0,""unit"":""mcg""},{""daily_value_percent"":1000.0,""name"":""Pantothenic Acid"",""quantity"":50.0,""unit"":""mg""},{""daily_value_percent"":2.0,""name"":""Choline"",""quantity"":11.0,""unit"":""mg""},{""daily_value_percent"":23.0,""name"":""Calcium"",""quantity"":300.0,""unit"":""mg""},{""daily_value_percent"":11.0,""name"":""Iron"",""quantity"":2.0,""unit"":""mg""},{""daily_value_percent"":36.0,""name"":""Magnesium"",""quantity"":150.0,""unit"":""mg""},{""daily_value_percent"":91.0,""name"":""Zinc"",""quantity"":10.0,""unit"":""mg""},{""daily_value_percent"":127.0,""name"":""Selenium"",""quantity"":70.0,""unit"":""mcg""},{""daily_value_percent"":65.0,""name"":""Manganese"",""quantity"":1.5,""unit"":""mg""},{""daily_value_percent"":286.0,""name"":""Chromium"",""quantity"":100.0,""unit"":""mcg""},{""daily_value_percent"":111.0,""name"":""Molybdenum"",""quantity"":50.0,""unit"":""mcg""},{""daily_value_percent"":2.0,""name"":""Potassium"",""quantity"":100.0,""unit"":""mg""},{""daily_value_percent"":null,""name"":""Glycine"",""quantity"":1.65,""unit"":""Gram(s)""},{""daily_value_percent"":null,""name"":""Medium chain triglycerides"",""quantity"":1.5,""unit"":""Gram(s)""},{""daily_value_percent"":null,""name"":""Glutamine"",""quantity"":500.0,""unit"":""mg""},{""daily_value_percent"":null,""name"":""Lysine"",""quantity"":500.0,""unit"":""mg""},{""daily_value_percent"":null,""name"":""Milk Thistle"",""quantity"":250.0,""unit"":""mg""},{""daily_value_percent"":null,""name"":""Taurine"",""quantity"":110.0,""unit"":""mg""},{""daily_value_percent"":null,""name"":""Methylsulfonylmethane"",""quantity"":100.0,""unit"":""mg""},{""daily_value_percent"":null,""name"":""Betaine Anhydrous"",""quantity"":50.0,""unit"":""mg""},{""daily_value_percent"":null,""name"":""Greenselect"",""quantity"":50.0,""unit"":""mg""},{""daily_value_percent"":null,""name"":""Glutathione"",""quantity"":30.0,""unit"":""mg""},{""daily_value_percent"":null,""name"":""Boron"",""quantity"":100.0,""unit"":""mcg""},{""daily_value_percent"":null,""name"":""Lutein"",""quantity"":60.0,""unit"":""mcg""},{""daily_value_percent"":null,""name"":""Vanadium"",""quantity"":50.0,""unit"":""mcg""}]","[""pure Cane Molasses"",""Vanilla flavoring"",""Orange flavoring"",""Silicon Dioxide"",""Purefruit Select""]","{""gmp"":{""claimed"":false,""fda_registered"":false,""gmp_certified_or_compliant"":false,""nsf_gmp"":false,""text_matched"":""""},""heavy_metal_tested"":false,""label_accuracy_verified"":false,""purity_verified"":false,""third_party_programs"":[]}","{""blends"":[{""child_ingredients"":[{""amount"":null,""name"":""Pea Protein isolate"",""unit"":""""},{""amount"":null,""name"":""Rice Protein"",""unit"":""""}],""disclosure_level"":""partial"",""hidden_count"":2,""name"":""Proprietary Blend"",""total_weight"":26.26,""unit"":""Gram(s)""}],""has_proprietary_blends"":true}"
PG-545AC6E62FFA,52,BCAA 6 g Green Apple,Nutricost Women,"{""basis_count"":9.5,""basis_unit"":""gram"",""max_servings_per_day"":0.10526315789473684,""min_servings_per_day"":0.10526315789473684}","[{""daily_value_percent"":130.0,""name"":""Vitamin D"",""quantity"":25.0,""unit"":""mcg""},{""daily_value_percent"":100.0,""name"":""Folate"",""quantity"":400.0,""unit"":""mcg DFE""},{""daily_value_percent"":1000.0,""name"":""Biotin"",""quantity"":300.0,""unit"":""mcg""},{""daily_value_percent"":10.0,""name"":""Calcium"",""quantity"":125.0,""unit"":""mg""},{""daily_value_percent"":null,""name"":""Leucine"",""quantity"":3000.0,""unit"":""mg""},{""daily_value_percent"":null,""name"":""Isoleucine"",""quantity"":1500.0,""unit"":""mg""},{""daily_value_percent"":null,""name"":""Valine"",""quantity"":1500.0,""unit"":""mg""},{""daily_value_percent"":null,""name"":""Hyaluronic Acid"",""quantity"":100.0,""unit"":""mg""},{""daily_value_percent"":null,""name"":""Dog Rose"",""quantity"":50.0,""unit"":""mg""},{""daily_value_percent"":null,""name"":""cranberry"",""quantity"":400.0,""unit"":""mcg""}]","[""Natural & Artificial Flavors"",""Tartaric Acid"",""Citric Acid"",""Sucralose"",""Yellow 5"",""Green 3""]","{""gmp"":{""claimed"":true,""fda_registered"":false,""gmp_certified_or_compliant"":true,""nsf_gmp"":false,""text_matched"":""GMP""},""heavy_metal_tested"":false,""label_accuracy_verified"":false,""purity_verified"":false,""third_party_programs"":[]}","{""blends"":[],""has_proprietary_blends"":false}"
PG-660FE38BDFD0,53,Nattokinase,BulkSupplements.com,"{""basis_count"":110.0,""basis_unit"":""mg"",""max_servings_per_day"":1,""min_servings_per_day"":1}","[{""daily_value_percent"":null,""name"":""Soy"",""quantity"":110.0,""unit"":""mg""}]",[],"{""gmp"":{""claimed"":false,""fda_registered"":false,""gmp_certified_or_compliant"":false,""nsf_gmp"":false,""text_matched"":""""},""heavy_metal_tested"":false,""label_accuracy_verified"":false,""purity_verified"":false,""third_party_programs"":[]}","{""blends"":[],""has_proprietary_blends"":false}"
PG-CA7E015F493B,54,Basic Prenatal,Thorne,"{""basis_count"":3.0,""basis_unit"":""capsule"",""max_servings_per_day"":1,""min_servings_per_day"":1}","[{""daily_value_percent"":81.0,""name"":""Vitamin A"",""quantity"":1.05,""unit"":""mg""},{""daily_value_percent"":null,""name"":""beta-carotene"",""quantity"":450.0,""unit"":""mcg""},{""daily_value_percent"":null,""name"":""Vitamin A"",""quantity"":600.0,""unit"":""mcg""},{""daily_value_percent"":125.0,""name"":""Vitamin C"",""quantity"":150.0,""unit"":""mg""},{""daily_value_percent"":167.0,""name"":""Vitamin D"",""quantity"":25.0,""unit"":""mcg""},{""daily_value_percent"":176.0,""name"":""Vitamin E"",""quantity"":33.5,""unit"":""mg""},{""daily_value_percent"":111.0,""name"":""Vitamin K"",""quantity"":100.0,""unit"":""mcg""},{""daily_value_percent"":357.0,""name"":""Thiamin"",""quantity"":5.0,""unit"":""mg""},{""daily_value_percent"":313.0,""name"":""Riboflavin"",""quantity"":5.0,""unit"":""mg""},{""daily_value_percent"":167.0,""name"":""Niacin"",""quantity"":30.0,""unit"":""mg""},{""daily_value_percent"":600.0,""name"":""Vitamin B6"",""quantity"":12.0,""unit"":""mg""},{""daily_value_percent"":283.0,""name"":""Folate"",""quantity"":1.7,""unit"":""mg DFE""},{""daily_value_percent"":null,""name"":""Vitamin B9 (methyltetrahydrofolate)"",""quantity"":1.0,""unit"":""mg""},{""daily_value_percent"":7142.0,""name"":""Vitamin B12"",""quantity"":200.0,""unit"":""mcg""},{""daily_value_percent"":143.0,""name"":""Biotin"",""quantity"":50.0,""unit"":""mcg""},{""daily_value_percent"":257.0,""name"":""Pantothenic Acid"",""quantity"":18.0,""unit"":""mg""},{""daily_value_percent"":20.0,""name"":""Choline"",""quantity"":110.0,""unit"":""mg""},{""daily_value_percent"":14.0,""name"":""Calcium"",""quantity"":180.0,""unit"":""mg""},{""daily_value_percent"":null,""name"":""Calcium"",""quantity"":90.0,""unit"":""mg""},{""daily_value_percent"":null,""name"":""Calcium"",""quantity"":90.0,""unit"":""mg""},{""daily_value_percent"":167.0,""name"":""Iron"",""quantity"":45.0,""unit"":""mg""},{""daily_value_percent"":52.0,""name"":""Iodine"",""quantity"":150.0,""unit"":""mcg""},{""daily_value_percent"":23.0,""name"":""Magnesium"",""quantity"":90.0,""unit"":""mg""},{""daily_value_percent"":null,""name"":""Magnesium"",""quantity"":45.0,""unit"":""mg""},{""daily_value_percent"":null,""name"":""Magnesium"",""quantity"":45.0,""unit"":""mg""},{""daily_value_percent"":192.0,""name"":""Zinc"",""quantity"":25.0,""unit"":""mg""},{""daily_value_percent"":71.0,""name"":""Selenium"",""quantity"":50.0,""unit"":""mcg""},{""daily_value_percent"":154.0,""name"":""Copper"",""quantity"":2.0,""unit"":""mg""},{""daily_value_percent"":192.0,""name"":""Manganese"",""quantity"":5.0,""unit"":""mg""},{""daily_value_percent"":222.0,""name"":""Chromium"",""quantity"":100.0,""unit"":""mcg""},{""daily_value_percent"":null,""name"":""Boron"",""quantity"":1.0,""unit"":""mg""}]","[""Hypromellose"",""Calcium Laurate""]","{""gmp"":{""claimed"":false,""fda_registered"":false,""gmp_certified_or_compliant"":false,""nsf_gmp"":false,""text_matched"":""""},""heavy_metal_tested"":true,""label_accuracy_verified"":true,""purity_verified"":true,""third_party_programs"":[{""name"":""NSF Contents Certified"",""verified"":true}]}","{""blends"":[],""has_proprietary_blends"":false}"
PG-0D4B3E38B6E3,55,Grass Fed Collagen Coconut MCT Vanilla Flavor,Garden of Life,"{""basis_count"":17.0,""basis_unit"":""gram"",""max_servings_per_day"":1,""min_servings_per_day"":1}","[{""daily_value_percent"":null,""name"":""Collagen"",""quantity"":10.0,""unit"":""Gram(s)""},{""daily_value_percent"":null,""name"":""Medium chain triglycerides"",""quantity"":3.0,""unit"":""Gram(s)""},{""daily_value_percent"":null,""name"":""Bacillus Subtilis"",""quantity"":5.0,""unit"":""mg""}]","[""Collagen Peptides"",""Coconut"",""Gum Acacia"",""Vanilla Flavor, Natural"",""Other Natural Flavor"",""Coconut Milk"",""Coconut Oil"",""Tapioca Maltodextrin"",""Gum Acacia"",""Sunflower Lecithin"",""Stevia"",""Bacillus subtilis""]","{""gmp"":{""claimed"":false,""fda_registered"":false,""gmp_certified_or_compliant"":false,""nsf_gmp"":false,""text_matched"":""""},""heavy_metal_tested"":false,""label_accuracy_verified"":false,""purity_verified"":false,""third_party_programs"":[]}","{""blends"":[],""has_proprietary_blends"":false}"
PG-9997E36542E9,56,Whey To Go Protein Powder Unflavored,Solgar,"{""basis_count"":29.0,""basis_unit"":""gram"",""max_servings_per_day"":1,""min_servings_per_day"":1}","[{""daily_value_percent"":null,""name"":""Vitamin D"",""quantity"":0.0,""unit"":""mcg""},{""daily_value_percent"":4.0,""name"":""Calcium"",""quantity"":60.0,""unit"":""mg""},{""daily_value_percent"":null,""name"":""Iron"",""quantity"":0.2,""unit"":""mg""},{""daily_value_percent"":4.0,""name"":""Potassium"",""quantity"":210.0,""unit"":""mg""}]","[""Whey Protein concentrate"",""Sunflower Lecithin""]","{""gmp"":{""claimed"":true,""fda_registered"":false,""gmp_certified_or_compliant"":false,""nsf_gmp"":false,""source"":""manufacturer_evidence"",""text_matched"":""""},""heavy_metal_tested"":false,""label_accuracy_verified"":false,""purity_verified"":false,""third_party_programs"":[]}","{""blends"":[],""has_proprietary_blends"":false}"
PG-5E18C2BE3355,57,Stress B-Complex,Thorne,"{""basis_count"":1.0,""basis_unit"":""capsule"",""max_servings_per_day"":3,""min_servings_per_day"":1}","[{""daily_value_percent"":4167.0,""name"":""Thiamin"",""quantity"":50.0,""unit"":""mg""},{""daily_value_percent"":2200.0,""name"":""Riboflavin"",""quantity"":28.6,""unit"":""mg""},{""daily_value_percent"":null,""name"":""Riboflavin"",""quantity"":25.0,""unit"":""mg""},{""daily_value_percent"":null,""name"":""Riboflavin"",""quantity"":3.6,""unit"":""mg""},{""daily_value_percent"":500.0,""name"":""Niacin"",""quantity"":80.0,""unit"":""mg""},{""daily_value_percent"":1671.0,""name"":""Vitamin B6"",""quantity"":28.4,""unit"":""mg""},{""daily_value_percent"":null,""name"":""Vitamin B6"",""quantity"":25.0,""unit"":""mg""},{""daily_value_percent"":null,""name"":""Vitamin B6"",""quantity"":3.4,""unit"":""mg""},{""daily_value_percent"":84.0,""name"":""Folate"",""quantity"":334.0,""unit"":""mcg DFE""},{""daily_value_percent"":null,""name"":""Folate"",""quantity"":200.0,""unit"":""mcg""},{""daily_value_percent"":4167.0,""name"":""Vitamin B12"",""quantity"":100.0,""unit"":""mcg""},{""daily_value_percent"":267.0,""name"":""Biotin"",""quantity"":80.0,""unit"":""mcg""},{""daily_value_percent"":5000.0,""name"":""Pantothenic Acid"",""quantity"":250.0,""unit"":""mg""},{""daily_value_percent"":3.0,""name"":""Choline"",""quantity"":14.0,""unit"":""mg""}]","[""Hypromellose"",""Microcrystalline Cellulose"",""Calcium Laurate"",""Silicon Dioxide""]","{""gmp"":{""claimed"":false,""fda_registered"":false,""gmp_certified_or_compliant"":false,""nsf_gmp"":false,""text_matched"":""""},""heavy_metal_tested"":true,""label_accuracy_verified"":true,""purity_verified"":true,""third_party_programs"":[{""name"":""NSF Contents Certified"",""verified"":true}]}","{""blends"":[],""has_proprietary_blends"":false}"
PG-D2F6FB197CA1,58,PRE Pre-Workout Complex Peach Mango,Nutricost Performance,"{""basis_count"":15.0,""basis_unit"":""gram"",""max_servings_per_day"":1,""min_servings_per_day"":1}","[{""daily_value_percent"":4170.0,""name"":""Thiamin"",""quantity"":50.0,""unit"":""mg""},{""daily_value_percent"":160.0,""name"":""Niacin"",""quantity"":25.0,""unit"":""mg NE""},{""daily_value_percent"":3530.0,""name"":""Vitamin B6"",""quantity"":60.0,""unit"":""mg""},{""daily_value_percent"":8330.0,""name"":""Vitamin B12"",""quantity"":200.0,""unit"":""mcg""},{""daily_value_percent"":null,""name"":""Citrulline"",""quantity"":6000.0,""unit"":""mg""},{""daily_value_percent"":null,""name"":""Beta-Alanine"",""quantity"":3000.0,""unit"":""mg""},{""daily_value_percent"":null,""name"":""Taurine"",""quantity"":2000.0,""unit"":""mg""},{""daily_value_percent"":null,""name"":""Agmatine"",""quantity"":500.0,""unit"":""mg""},{""daily_value_percent"":null,""name"":""Tyrosine"",""quantity"":500.0,""unit"":""mg""},{""daily_value_percent"":null,""name"":""Theanine"",""quantity"":300.0,""unit"":""mg""},{""daily_value_percent"":null,""name"":""Caffeine"",""quantity"":300.0,""unit"":""mg""},{""daily_value_percent"":null,""name"":""Theobromine"",""quantity"":200.0,""unit"":""mg""},{""daily_value_percent"":null,""name"":""Huperzine"",""quantity"":200.0,""unit"":""mcg""}]","[""Natural Flavors"",""Calcium Silicate"",""Silica"",""Sucralose"",""Beta-Carotene"",""Beet, Powder""]","{""gmp"":{""claimed"":true,""fda_registered"":false,""gmp_certified_or_compliant"":true,""nsf_gmp"":false,""text_matched"":""GMP""},""heavy_metal_tested"":false,""label_accuracy_verified"":false,""purity_verified"":false,""third_party_programs"":[]}","{""blends"":[],""has_proprietary_blends"":false}"
PG-BCE47DEAC77E,59,Advanced 40+ Acidophilus,Solgar,"{""basis_count"":1.0,""basis_unit"":""capsule"",""max_servings_per_day"":2,""min_servings_per_day"":1}","[{""daily_value_percent"":null,""name"":""Advanced 40+ Acidophilus Complex"",""quantity"":6.0,""unit"":""mg""}]","[""Vegetable Cellulose"",""Maltodextrin"",""Microcrystalline Cellulose"",""Sodium Alginate"",""Silica"",""Vegetable Magnesium Stearate""]","{""gmp"":{""claimed"":true,""fda_registered"":false,""gmp_certified_or_compliant"":false,""nsf_gmp"":false,""source"":""manufacturer_evidence"",""text_matched"":""""},""heavy_metal_tested"":false,""label_accuracy_verified"":false,""purity_verified"":false,""third_party_programs"":[]}","{""blends"":[{""child_ingredients"":[{""amount"":null,""name"":""Bifidobacterium animalis lactis BB-12"",""unit"":""""},{""amount"":null,""name"":""L. casei 431"",""unit"":""""},{""amount"":null,""name"":""Lactobacillus acidophilus LA-5"",""unit"":""""},{""amount"":null,""name"":""Lactobacillus rhamnosus GG"",""unit"":""""},{""amount"":null,""name"":""Streptococcus thermophilus TH-4"",""unit"":""""}],""disclosure_level"":""partial"",""hidden_count"":5,""name"":""Advanced 40+ Acidophilus Complex"",""total_weight"":6.0,""unit"":""mg""}],""has_proprietary_blends"":true}"
PG-A2E09256A89B,60,Cardio-Health,Nature's Bounty,"{""basis_count"":1.0,""basis_unit"":""capsule"",""max_servings_per_day"":2,""min_servings_per_day"":2}","[{""daily_value_percent"":null,""name"":""Lactobacillus reuteri"",""quantity"":0.0,""unit"":""NP""}]","[""Vegetable Cellulose"",""Silica"",""Vegetable Magnesium Stearate""]","{""gmp"":{""claimed"":true,""fda_registered"":false,""gmp_certified_or_compliant"":false,""nsf_gmp"":false,""source"":""manufacturer_evidence"",""text_matched"":""""},""heavy_metal_tested"":false,""label_accuracy_verified"":false,""purity_verified"":false,""third_party_programs"":[]}","{""blends"":[],""has_proprietary_blends"":false}"
PG-355A0B8D9CBE,61,PureLean Whey Natural Vanilla Bean Flavor,Pure Encapsulations,"{""basis_count"":26.4,""basis_unit"":""gram"",""max_servings_per_day"":1,""min_servings_per_day"":1}","[{""daily_value_percent"":42.0,""name"":""Protein"",""quantity"":21.0,""unit"":""Gram(s)""}]","[""Whey Protein Isolate"",""Sunflower Lecithin"",""Vanilla Bean Flavor, Natural"",""Stevia Leaf Extract""]","{""gmp"":{""claimed"":true,""fda_registered"":false,""gmp_certified_or_compliant"":false,""nsf_gmp"":false,""source"":""manufacturer_evidence"",""text_matched"":""""},""heavy_metal_tested"":false,""label_accuracy_verified"":false,""purity_verified"":false,""third_party_programs"":[]}","{""blends"":[],""has_proprietary_blends"":false}"
PG-CAB1E8293C5B,62,Adult Multivitamin Gummies,Equate,"{""basis_count"":2.0,""basis_unit"":""gummy"",""max_servings_per_day"":1,""min_servings_per_day"":1}","[{""daily_value_percent"":50.0,""name"":""Vitamin A"",""quantity"":450.0,""unit"":""mcg RAE""},{""daily_value_percent"":40.0,""name"":""Vitamin C"",""quantity"":36.0,""unit"":""mg""},{""daily_value_percent"":125.0,""name"":""Vitamin D"",""quantity"":25.0,""unit"":""mcg""},{""daily_value_percent"":100.0,""name"":""Vitamin E"",""quantity"":15.0,""unit"":""mg""},{""daily_value_percent"":50.0,""name"":""Niacin"",""quantity"":8.0,""unit"":""mg NE""},{""daily_value_percent"":100.0,""name"":""Vitamin B6"",""quantity"":1.7,""unit"":""mg""},{""daily_value_percent"":100.0,""name"":""Folate"",""quantity"":400.0,""unit"":""mcg DFE""},{""daily_value_percent"":null,""name"":""Folate"",""quantity"":240.0,""unit"":""mcg""},{""daily_value_percent"":200.0,""name"":""Vitamin B12"",""quantity"":4.8,""unit"":""mcg""},{""daily_value_percent"":100.0,""name"":""Biotin"",""quantity"":30.0,""unit"":""mcg""},{""daily_value_percent"":60.0,""name"":""Pantothenic Acid"",""quantity"":3.0,""unit"":""mg""},{""daily_value_percent"":100.0,""name"":""Chromium"",""quantity"":35.0,""unit"":""mcg""},{""daily_value_percent"":24.0,""name"":""Molybdenum"",""quantity"":11.0,""unit"":""mcg""},{""daily_value_percent"":null,""name"":""Inositol"",""quantity"":1.5,""unit"":""mg""},{""daily_value_percent"":null,""name"":""Boron"",""quantity"":150.0,""unit"":""mcg""}]","[""Glucose Syrup"",""Sugar"",""Water"",""Gelatin"",""Blend of Oils"",""Citric Acid"",""Colors"",""Lactic Acid"",""Natural Flavors"",""Pectin""]","{""gmp"":{""claimed"":false,""fda_registered"":false,""gmp_certified_or_compliant"":false,""nsf_gmp"":false,""text_matched"":""""},""heavy_metal_tested"":false,""label_accuracy_verified"":false,""purity_verified"":false,""third_party_programs"":[]}","{""blends"":[],""has_proprietary_blends"":false}"
PG-972231147B00,63,Acidophilus Probiotic,Nature's Bounty,"{""basis_count"":1.0,""basis_unit"":""tablet"",""max_servings_per_day"":1,""min_servings_per_day"":1}","[{""daily_value_percent"":null,""name"":""Lactobacillus acidophilus"",""quantity"":0.5,""unit"":""mg""}]","[""Vegetable Cellulose"",""Stearic Acid"",""Silica"",""Vegetable Magnesium Stearate""]","{""gmp"":{""claimed"":true,""fda_registered"":false,""gmp_certified_or_compliant"":false,""nsf_gmp"":false,""source"":""manufacturer_evidence"",""text_matched"":""""},""heavy_metal_tested"":false,""label_accuracy_verified"":false,""purity_verified"":false,""third_party_programs"":[]}","{""blends"":[],""has_proprietary_blends"":false}"
PG-C20AA214C2B6,64,Preseries Lean Pre-Workout Tropical Punch,Transparent Labs,"{""basis_count"":16.7,""basis_unit"":""gram"",""max_servings_per_day"":0.059880239520958084,""min_servings_per_day"":0.059880239520958084}","[{""daily_value_percent"":136.0,""name"":""Zinc"",""quantity"":15.0,""unit"":""mg""},{""daily_value_percent"":111.0,""name"":""Copper"",""quantity"":1.0,""unit"":""mg""},{""daily_value_percent"":150.0,""name"":""Iodine"",""quantity"":225.0,""unit"":""mcg""},{""daily_value_percent"":571.0,""name"":""Chromium"",""quantity"":200.0,""unit"":""mcg""},{""daily_value_percent"":100.0,""name"":""Selenium"",""quantity"":55.0,""unit"":""mcg""},{""daily_value_percent"":null,""name"":""Citrulline malate"",""quantity"":6000.0,""unit"":""mg""},{""daily_value_percent"":null,""name"":""Beta-Alanine"",""quantity"":2000.0,""unit"":""mg""},{""daily_value_percent"":null,""name"":""Betaine Anhydrous"",""quantity"":1500.0,""unit"":""mg""},{""daily_value_percent"":null,""name"":""Acetyl-L-Carnitine"",""quantity"":1000.0,""unit"":""mg""},{""daily_value_percent"":null,""name"":""Choline"",""quantity"":500.0,""unit"":""mg""},{""daily_value_percent"":null,""name"":""Theanine"",""quantity"":180.0,""unit"":""mg""},{""daily_value_percent"":null,""name"":""Caffeine"",""quantity"":180.0,""unit"":""mg""},{""daily_value_percent"":null,""name"":""Theobromine"",""quantity"":50.0,""unit"":""mg""},{""daily_value_percent"":null,""name"":""Huperzine"",""quantity"":100.0,""unit"":""mcg""}]","[""Natural Flavors"",""Calcium Silicate"",""Silicon Dioxide"",""Stevia Extract"",""Rebaudioside M"",""Beet, Powder""]","{""gmp"":{""claimed"":false,""fda_registered"":false,""gmp_certified_or_compliant"":false,""nsf_gmp"":false,""text_matched"":""""},""heavy_metal_tested"":false,""label_accuracy_verified"":false,""purity_verified"":false,""third_party_programs"":[]}","{""blends"":[],""has_proprietary_blends"":false}"
PG-D0DAA3BEBDE5,65,Sambucus Immune Lozenges Honey Lemon,Nature's Way,"{""basis_count"":1.0,""basis_unit"":""lozenge"",""max_servings_per_day"":4,""min_servings_per_day"":1}","[{""daily_value_percent"":100.0,""name"":""Vitamin C"",""quantity"":90.0,""unit"":""mg""},{""daily_value_percent"":45.0,""name"":""Zinc"",""quantity"":5.0,""unit"":""mg""},{""daily_value_percent"":null,""name"":""elderberry"",""quantity"":12.5,""unit"":""mg""},{""daily_value_percent"":null,""name"":""Elderberry (unspecified)"",""quantity"":800.0,""unit"":""mg""}]","[""Cane Sugar"",""Tapioca Syrup"",""Honey"",""Natural Flavors"",""Lemon Oil"",""Sunflower Oil""]","{""gmp"":{""claimed"":false,""fda_registered"":false,""gmp_certified_or_compliant"":false,""nsf_gmp"":false,""text_matched"":""""},""heavy_metal_tested"":false,""label_accuracy_verified"":false,""purity_verified"":false,""third_party_programs"":[]}","{""blends"":[],""has_proprietary_blends"":false}"
PG-DE0CFA9B4D51,66,Omega-3 Lemon,Nordic Naturals,"{""basis_count"":5.0,""basis_unit"":""ml"",""max_servings_per_day"":1,""min_servings_per_day"":1}","[{""daily_value_percent"":null,""name"":""EPA"",""quantity"":745.0,""unit"":""mg""},{""daily_value_percent"":null,""name"":""DHA"",""quantity"":500.0,""unit"":""mg""}]","[""purified deep sea Fish Oil"",""natural Lemon flavor"",""D-Alpha-Tocopherol"",""Rosemary extract""]","{""gmp"":{""claimed"":false,""fda_registered"":false,""gmp_certified_or_compliant"":false,""nsf_gmp"":false,""text_matched"":""""},""heavy_metal_tested"":false,""label_accuracy_verified"":false,""purity_verified"":false,""third_party_programs"":[{""name"":""Friend of the Sea"",""source"":""rules_db"",""verified"":true}]}","{""blends"":[],""has_proprietary_blends"":false}"
PG-BB076B1BF941,67,Blackcurrant Powder 5 g,BulkSupplements.com,"{""basis_count"":5.0,""basis_unit"":""gram"",""max_servings_per_day"":2,""min_servings_per_day"":1}","[{""daily_value_percent"":null,""name"":""Black Currant"",""quantity"":5.0,""unit"":""Gram(s)""}]","[""Maltodextrin""]","{""gmp"":{""claimed"":false,""fda_registered"":false,""gmp_certified_or_compliant"":false,""nsf_gmp"":false,""text_matched"":""""},""heavy_metal_tested"":false,""label_accuracy_verified"":false,""purity_verified"":false,""third_party_programs"":[]}","{""blends"":[],""has_proprietary_blends"":false}"
PG-D09C405BDD7C,68,Creatine HCl 4 grams,GNC Beyond Raw Chemistry Labs,"{""basis_count"":4.0,""basis_unit"":""gram"",""max_servings_per_day"":1,""min_servings_per_day"":1}","[{""daily_value_percent"":null,""name"":""Creatine"",""quantity"":4.0,""unit"":""Gram(s)""}]",[],"{""gmp"":{""claimed"":false,""fda_registered"":false,""gmp_certified_or_compliant"":false,""nsf_gmp"":false,""text_matched"":""""},""heavy_metal_tested"":false,""label_accuracy_verified"":false,""purity_verified"":false,""third_party_programs"":[]}","{""blends"":[],""has_proprietary_blends"":false}"
PG-DC2A4EEFE4B6,69,"Glucomannan 1,995 mg",Nature's Way,"{""basis_count"":3.0,""basis_unit"":""capsule"",""max_servings_per_day"":1,""min_servings_per_day"":1}","[{""daily_value_percent"":null,""name"":""Glucomannan"",""quantity"":1.995,""unit"":""Gram(s)""}]","[""plant-derived Capsule"",""Magnesium Stearate""]","{""gmp"":{""claimed"":false,""fda_registered"":false,""gmp_certified_or_compliant"":false,""nsf_gmp"":false,""text_matched"":""""},""heavy_metal_tested"":false,""label_accuracy_verified"":false,""purity_verified"":false,""third_party_programs"":[]}","{""blends"":[],""has_proprietary_blends"":false}"
PG-1B59B2E0F0FE,70,Super B-Complex Supplement With Vitamin C,Nature Made,"{""basis_count"":1.0,""basis_unit"":""tablet"",""max_servings_per_day"":1,""min_servings_per_day"":1}","[{""daily_value_percent"":250.0,""name"":""Vitamin C"",""quantity"":150.0,""unit"":""mg""},{""daily_value_percent"":6667.0,""name"":""Thiamin"",""quantity"":100.0,""unit"":""mg""},{""daily_value_percent"":1176.0,""name"":""Riboflavin"",""quantity"":20.0,""unit"":""mg""},{""daily_value_percent"":125.0,""name"":""Niacin"",""quantity"":25.0,""unit"":""mg""},{""daily_value_percent"":100.0,""name"":""Vitamin B6"",""quantity"":2.0,""unit"":""mg""},{""daily_value_percent"":100.0,""name"":""Folate"",""quantity"":400.0,""unit"":""mcg""},{""daily_value_percent"":250.0,""name"":""Vitamin B12"",""quantity"":15.0,""unit"":""mcg""},{""daily_value_percent"":10.0,""name"":""Biotin"",""quantity"":30.0,""unit"":""mcg""},{""daily_value_percent"":55.0,""name"":""Vitamin B5"",""quantity"":5.5,""unit"":""mg""}]","[""Dibasic Calcium Phosphate"",""Ascorbic Acid"",""Thiamine Mononitrate"",""Dried Yeasts"",""Cellulose Gel"",""Niacinamide"",""Croscarmellose Sodium"",""Calcium D-Pantothenate"",""Hydroxypropyl Methylcellulose"",""Magnesium Stearate"",""Pyridoxine Hydrochloride"",""Polyethylene Glycol"",""Cyanocobalamin""]","{""gmp"":{""claimed"":false,""fda_registered"":false,""gmp_certified_or_compliant"":false,""nsf_gmp"":false,""text_matched"":""""},""heavy_metal_tested"":true,""label_accuracy_verified"":true,""purity_verified"":true,""third_party_programs"":[{""name"":""USP Verified"",""verified"":true}]}","{""blends"":[],""has_proprietary_blends"":false}"
PG-7AA3C7C7F706,71,Berberine 200 mg,Thorne,"{""basis_count"":1.0,""basis_unit"":""capsule"",""max_servings_per_day"":3,""min_servings_per_day"":2}","[{""daily_value_percent"":null,""name"":""Berberine"",""quantity"":200.0,""unit"":""mg""}]","[""Microcrystalline Cellulose"",""Hypromellose"",""Leucine"",""Silicon Dioxide""]","{""gmp"":{""claimed"":false,""fda_registered"":false,""gmp_certified_or_compliant"":false,""nsf_gmp"":false,""text_matched"":""""},""heavy_metal_tested"":true,""label_accuracy_verified"":true,""purity_verified"":true,""third_party_programs"":[{""name"":""NSF Contents Certified"",""verified"":true}]}","{""blends"":[],""has_proprietary_blends"":false}"
PG-76CA8C4824EE,72,Advanced Omega Citrus Flavor,Garden of Life Dr. Formulated,"{""basis_count"":2.0,""basis_unit"":""softgel"",""max_servings_per_day"":1,""min_servings_per_day"":1}","[{""daily_value_percent"":null,""name"":""Proprietary Blend"",""quantity"":1.45,""unit"":""Gram(s)""},{""daily_value_percent"":null,""name"":""EPA"",""quantity"":695.0,""unit"":""mg""},{""daily_value_percent"":null,""name"":""DHA"",""quantity"":465.0,""unit"":""mg""}]","[""PureSeaOmega3 Mercury Free Tuna Oil"",""PlantGel"",""Flavor"",""Rosemary extract""]","{""gmp"":{""claimed"":false,""fda_registered"":false,""gmp_certified_or_compliant"":false,""nsf_gmp"":false,""text_matched"":""""},""heavy_metal_tested"":true,""label_accuracy_verified"":true,""purity_verified"":true,""third_party_programs"":[{""name"":""NSF Contents Certified"",""verified"":true},{""name"":""MSC Certified"",""source"":""rules_db"",""verified"":true}]}","{""blends"":[],""has_proprietary_blends"":false}"
PG-EEB962838202,73,Homocysteine Resist,Life Extension,"{""basis_count"":1.0,""basis_unit"":""capsule"",""max_servings_per_day"":1,""min_servings_per_day"":1}","[{""daily_value_percent"":1923.0,""name"":""Riboflavin"",""quantity"":25.0,""unit"":""mg""},{""daily_value_percent"":5882.0,""name"":""Vitamin B6 (unspecified)"",""quantity"":100.0,""unit"":""mg""},{""daily_value_percent"":2125.0,""name"":""Vitamin B9"",""quantity"":8500.0,""unit"":""mcg DFE""},{""daily_value_percent"":41667.0,""name"":""Vitamin B12"",""quantity"":1000.0,""unit"":""mcg""}]","[""Microcrystalline Cellulose"",""Vegetable Cellulose"",""Stearic Acid"",""Silica"",""Rice Extract Blend""]","{""gmp"":{""claimed"":true,""fda_registered"":false,""gmp_certified_or_compliant"":false,""nsf_gmp"":false,""source"":""manufacturer_evidence"",""text_matched"":""""},""heavy_metal_tested"":false,""label_accuracy_verified"":false,""purity_verified"":false,""third_party_programs"":[]}","{""blends"":[],""has_proprietary_blends"":false}"
PG-4DB46C8BB7FC,74,Vitamin D3 25 mcg (1000 IU),Life Extension,"{""basis_count"":1.0,""basis_unit"":""softgel"",""max_servings_per_day"":1,""min_servings_per_day"":1}","[{""daily_value_percent"":125.0,""name"":""Vitamin D"",""quantity"":25.0,""unit"":""mcg""}]","[""extra virgin Olive Oil"",""Gelatin"",""Medium Chain Triglycerides Oil"",""Glycerin"",""purified Water"",""Rosemary extract""]","{""gmp"":{""claimed"":true,""fda_registered"":false,""gmp_certified_or_compliant"":false,""nsf_gmp"":false,""source"":""manufacturer_evidence"",""text_matched"":""""},""heavy_metal_tested"":false,""label_accuracy_verified"":false,""purity_verified"":false,""third_party_programs"":[]}","{""blends"":[],""has_proprietary_blends"":false}"
PG-5D8BE80822CD,75,Hemp Seed Protein,BulkSupplements.com,"{""basis_count"":30.0,""basis_unit"":""gram"",""max_servings_per_day"":1,""min_servings_per_day"":1}","[{""daily_value_percent"":null,""name"":""Vitamin D"",""quantity"":0.0,""unit"":""mcg""},{""daily_value_percent"":35.0,""name"":""Iron"",""quantity"":6.0,""unit"":""mg""},{""daily_value_percent"":4.0,""name"":""Calcium"",""quantity"":45.0,""unit"":""mg""},{""daily_value_percent"":10.0,""name"":""Potassium"",""quantity"":452.0,""unit"":""mg""}]","[""Hemp seed Protein""]","{""gmp"":{""claimed"":false,""fda_registered"":false,""gmp_certified_or_compliant"":false,""nsf_gmp"":false,""text_matched"":""""},""heavy_metal_tested"":false,""label_accuracy_verified"":false,""purity_verified"":false,""third_party_programs"":[]}","{""blends"":[],""has_proprietary_blends"":false}"
PG-C0FD7BC7B681,76,Sambucus Elderberry Lozenges for Ages 5+,Nature's Way,"{""basis_count"":4.0,""basis_unit"":""gram"",""max_servings_per_day"":2,""min_servings_per_day"":1}","[{""daily_value_percent"":67.0,""name"":""Vitamin C"",""quantity"":60.0,""unit"":""mg""},{""daily_value_percent"":45.0,""name"":""Zinc"",""quantity"":5.0,""unit"":""mg""},{""daily_value_percent"":null,""name"":""European Elder"",""quantity"":12.5,""unit"":""mg""},{""daily_value_percent"":null,""name"":""Elderberry (unspecified)"",""quantity"":800.0,""unit"":""mg""}]","[""Sucrose"",""Glucose Syrup"",""Natural flavor""]","{""gmp"":{""claimed"":false,""fda_registered"":false,""gmp_certified_or_compliant"":false,""nsf_gmp"":false,""text_matched"":""""},""heavy_metal_tested"":false,""label_accuracy_verified"":false,""purity_verified"":false,""third_party_programs"":[]}","{""blends"":[],""has_proprietary_blends"":false}"
PG-E782B98FE53D,77,Marine Collagen Powder 2500 mg,BulkSupplements.com,"{""basis_count"":2500.0,""basis_unit"":""milligram"",""max_servings_per_day"":4,""min_servings_per_day"":1}","[{""daily_value_percent"":null,""name"":""Collagen"",""quantity"":2500.0,""unit"":""mg""}]",[],"{""gmp"":{""claimed"":false,""fda_registered"":false,""gmp_certified_or_compliant"":false,""nsf_gmp"":false,""text_matched"":""""},""heavy_metal_tested"":false,""label_accuracy_verified"":false,""purity_verified"":false,""third_party_programs"":[]}","{""blends"":[],""has_proprietary_blends"":false}"
PG-33D9B42A9EF4,78,Ultra Mega Green Men's Multivitamin,GNC SuperFoods,"{""basis_count"":2.0,""basis_unit"":""light green caplet"",""max_servings_per_day"":1,""min_servings_per_day"":1}","[{""daily_value_percent"":100.0,""name"":""Vitamin A"",""quantity"":5000.0,""unit"":""IU""},{""daily_value_percent"":100.0,""name"":""Vitamin C"",""quantity"":60.0,""unit"":""mg""},{""daily_value_percent"":250.0,""name"":""Vitamin D"",""quantity"":1000.0,""unit"":""IU""},{""daily_value_percent"":100.0,""name"":""Vitamin E"",""quantity"":30.0,""unit"":""IU""},{""daily_value_percent"":100.0,""name"":""Vitamin K"",""quantity"":80.0,""unit"":""mcg""},{""daily_value_percent"":333.0,""name"":""Thiamin"",""quantity"":5.0,""unit"":""mg""},{""daily_value_percent"":294.0,""name"":""Riboflavin"",""quantity"":5.0,""unit"":""mg""},{""daily_value_percent"":125.0,""name"":""Niacin"",""quantity"":25.0,""unit"":""mg""},{""daily_value_percent"":1250.0,""name"":""Vitamin B6"",""quantity"":25.0,""unit"":""mg""},{""daily_value_percent"":100.0,""name"":""Folate"",""quantity"":400.0,""unit"":""mcg""},{""daily_value_percent"":2500.0,""name"":""Vitamin B12"",""quantity"":150.0,""unit"":""mcg""},{""daily_value_percent"":100.0,""name"":""Biotin"",""quantity"":300.0,""unit"":""mcg""},{""daily_value_percent"":250.0,""name"":""Vitamin B5"",""quantity"":25.0,""unit"":""mg""},{""daily_value_percent"":5.0,""name"":""Calcium"",""quantity"":50.0,""unit"":""mg""},{""daily_value_percent"":100.0,""name"":""Iodine"",""quantity"":150.0,""unit"":""mcg""},{""daily_value_percent"":6.0,""name"":""Magnesium"",""quantity"":25.0,""unit"":""mg""},{""daily_value_percent"":133.0,""name"":""Zinc"",""quantity"":20.0,""unit"":""mg""},{""daily_value_percent"":286.0,""name"":""Selenium"",""quantity"":200.0,""unit"":""mcg""},{""daily_value_percent"":100.0,""name"":""Copper"",""quantity"":2.0,""unit"":""mg""},{""daily_value_percent"":100.0,""name"":""Manganese"",""quantity"":2.0,""unit"":""mg""},{""daily_value_percent"":100.0,""name"":""Chromium"",""quantity"":120.0,""unit"":""mcg""},{""daily_value_percent"":100.0,""name"":""Molybdenum"",""quantity"":75.0,""unit"":""mcg""},{""daily_value_percent"":null,""name"":""Lutein"",""quantity"":2.0,""unit"":""mg""},{""daily_value_percent"":null,""name"":""Yohimbe"",""quantity"":0.0,""unit"":""NP""},{""daily_value_percent"":null,""name"":""Lycopene"",""quantity"":1.0,""unit"":""mg""},{""daily_value_percent"":null,""name"":""Zeaxanthin"",""quantity"":400.0,""unit"":""mcg""}]","[""Cellulose"",""Niacinamide"",""Ascorbic Acid"",""Calcium Carbonate"",""Zinc Oxide"",""D-Alpha-Tocopherol"",""Selenium Yeast"",""D-Calcium Pantothenate"",""Magnesium Oxide"",""Calcium Ascorbate"",""Stearic Acid"",""Dicalcium Phopshate"",""Pyridoxine Hydrochloride"",""Silicon Dioxide"",""Copper Sulfate"",""Manganese Sulfate"",""Calcium D-Pantothenate"",""Beta-Carotene"",""Methylcobalamin"",""Magnesium Stearate"",""Zinc Oxide"",""Ergocalciferol"",""Pyridoxine Hydrochloride"",""Vitamin A Palmitate"",""Thiamine Hydrochloride"",""Niacinamide"",""Phytonadione"",""Phytonadione"",""Magnesium HPC"",""Potassium Iodide"",""Thiamine Hydrochloride"",""Chromium Chloride"",""Sodium Selenate"",""Copper Sulfate"",""Chromium Chloride"",""Sodium Molybdate"",""Molybdenum HPC"",""Cyanocobalamin"",""Titanium Dioxide"",""Chlorophyll""]","{""gmp"":{""claimed"":false,""fda_registered"":false,""gmp_certified_or_compliant"":false,""nsf_gmp"":false,""text_matched"":""""},""heavy_metal_tested"":false,""label_accuracy_verified"":false,""purity_verified"":false,""third_party_programs"":[]}","{""blends"":[{""child_ingredients"":[{""amount"":null,""name"":""Acai fruit powder"",""unit"":""""},{""amount"":null,""name"":""Acerola extract"",""unit"":""""},{""amount"":null,""name"":""Apple extract"",""unit"":""""},{""amount"":null,""name"":""Basil leaf powder"",""unit"":""""},{""amount"":null,""name"":""Bilberry fruit extract"",""unit"":""""},{""amount"":null,""name"":""Black Currant fruit extract"",""unit"":""""},{""amount"":null,""name"":""Blackberry fruit powder"",""unit"":""""},{""amount"":null,""name"":""Blueberry fruit extract"",""unit"":""""},{""amount"":null,""name"":""Broccoli powder"",""unit"":""""},{""amount"":null,""name"":""Broccoli sprout powder"",""unit"":""""},{""amount"":null,""name"":""Brussels Sprout powder"",""unit"":""""},{""amount"":null,""name"":""Camu Camu extract"",""unit"":""""},{""amount"":null,""name"":""Carrot powder"",""unit"":""""},{""amount"":null,""name"":""Chokeberry fruit powder"",""unit"":""""},{""amount"":null,""name"":""Cinnamon bark powder"",""unit"":""""},{""amount"":null,""name"":""Elderberry fruit powder"",""unit"":""""},{""amount"":null,""name"":""Garlic powder"",""unit"":""""},{""amount"":null,""name"":""Green Coffee extract"",""unit"":""""},{""amount"":null,""name"":""Green Tea extract"",""unit"":""""},{""amount"":null,""name"":""Kale leaf powder"",""unit"":""""},{""amount"":null,""name"":""Mangosteen fruit powder"",""unit"":""""},{""amount"":null,""name"":""Onion extract"",""unit"":""""},{""amount"":null,""name"":""Oregano leaf powder"",""unit"":""""},{""amount"":null,""name"":""Quercetin"",""unit"":""""},{""amount"":null,""name"":""Raspberry fruit powder"",""unit"":""""},{""amount"":null,""name"":""Spinach leaf powder"",""unit"":""""},{""amount"":null,""name"":""Sweet Cherry fruit powder"",""unit"":""""},{""amount"":null,""name"":""Tomato powder"",""unit"":""""},{""amount"":null,""name"":""Turmeric root extract"",""unit"":""""}],""disclosure_level"":""partial"",""hidden_count"":29,""name"":""Fruit & Vegetable Antioxidant Blend"",""total_weight"":100.0,""unit"":""mg""},{""child_ingredients"":[],""disclosure_level"":""none"",""hidden_count"":0,""name"":""Digestive Health & Comfort Blend"",""total_weight"":20.0,""unit"":""mg""}],""has_proprietary_blends"":true}"
PG-1F6D38BEBF6B,79,BCAA 2:1:1,BulkSupplements.com,"{""basis_count"":6000.0,""basis_unit"":""mg"",""max_servings_per_day"":1,""min_servings_per_day"":1}","[{""daily_value_percent"":null,""name"":""Leucine"",""quantity"":3000.0,""unit"":""mg""},{""daily_value_percent"":null,""name"":""Isoleucine"",""quantity"":1500.0,""unit"":""mg""},{""daily_value_percent"":null,""name"":""Valine"",""quantity"":1500.0,""unit"":""mg""}]","[""Sunflower Lecithin""]","{""gmp"":{""claimed"":false,""fda_registered"":false,""gmp_certified_or_compliant"":false,""nsf_gmp"":false,""text_matched"":""""},""heavy_metal_tested"":false,""label_accuracy_verified"":false,""purity_verified"":false,""third_party_programs"":[]}","{""blends"":[],""has_proprietary_blends"":false}"
PG-610DE25F2426,80,Super Bio-Curcumin,Life Extension,"{""basis_count"":1.0,""basis_unit"":""capsule"",""max_servings_per_day"":1,""min_servings_per_day"":1}","[{""daily_value_percent"":null,""name"":""Turmeric"",""quantity"":400.0,""unit"":""mg""}]","[""Rice Flour"",""Vegetable Cellulose"",""Vegetable Stearate"",""Silica""]","{""gmp"":{""claimed"":true,""fda_registered"":false,""gmp_certified_or_compliant"":false,""nsf_gmp"":false,""source"":""manufacturer_evidence"",""text_matched"":""""},""heavy_metal_tested"":false,""label_accuracy_verified"":false,""purity_verified"":false,""third_party_programs"":[]}","{""blends"":[],""has_proprietary_blends"":false}"
PG-B479BE819528,81,Biotin Forte,Nature's Way,"{""basis_count"":1.0,""basis_unit"":""tablet"",""max_servings_per_day"":1,""min_servings_per_day"":1}","[{""daily_value_percent"":111.0,""name"":""Vitamin C"",""quantity"":100.0,""unit"":""mg""},{""daily_value_percent"":833.0,""name"":""Thiamin"",""quantity"":10.0,""unit"":""mg""},{""daily_value_percent"":769.0,""name"":""Riboflavin"",""quantity"":10.0,""unit"":""mg""},{""daily_value_percent"":250.0,""name"":""Niacin"",""quantity"":40.0,""unit"":""mg""},{""daily_value_percent"":1471.0,""name"":""Vitamin B6"",""quantity"":25.0,""unit"":""mg""},{""daily_value_percent"":200.0,""name"":""Folate"",""quantity"":800.0,""unit"":""mcg DFE""},{""daily_value_percent"":null,""name"":""Folate"",""quantity"":480.0,""unit"":""mcg""},{""daily_value_percent"":417.0,""name"":""Vitamin B12"",""quantity"":10.0,""unit"":""mcg""},{""daily_value_percent"":16667.0,""name"":""Biotin"",""quantity"":5000.0,""unit"":""mcg""},{""daily_value_percent"":200.0,""name"":""Pantothenic Acid"",""quantity"":10.0,""unit"":""mg""}]","[""Cellulose"",""Sodium Croscarmellose"",""Magnesium Stearate"",""Hypromellose"",""Silica"",""Glycerin""]","{""gmp"":{""claimed"":false,""fda_registered"":false,""gmp_certified_or_compliant"":false,""nsf_gmp"":false,""text_matched"":""""},""heavy_metal_tested"":false,""label_accuracy_verified"":false,""purity_verified"":false,""third_party_programs"":[]}","{""blends"":[],""has_proprietary_blends"":false}"
PG-83EDA2A848CF,82,Balanced B100,CVS Health,"{""basis_count"":1.0,""basis_unit"":""caplet"",""max_servings_per_day"":1,""min_servings_per_day"":1}","[{""daily_value_percent"":6667.0,""name"":""Thiamin"",""quantity"":100.0,""unit"":""mg""},{""daily_value_percent"":5882.0,""name"":""Riboflavin"",""quantity"":100.0,""unit"":""mg""},{""daily_value_percent"":500.0,""name"":""Niacin"",""quantity"":100.0,""unit"":""mg""},{""daily_value_percent"":5000.0,""name"":""Vitamin B6"",""quantity"":100.0,""unit"":""mg""},{""daily_value_percent"":100.0,""name"":""Folate"",""quantity"":400.0,""unit"":""mcg""},{""daily_value_percent"":1667.0,""name"":""Vitamin B12"",""quantity"":100.0,""unit"":""mcg""},{""daily_value_percent"":33.0,""name"":""Biotin"",""quantity"":100.0,""unit"":""mcg""},{""daily_value_percent"":1000.0,""name"":""Pantothenic Acid"",""quantity"":100.0,""unit"":""mg""}]","[""Dicalcium Phosphate"",""Hypromellose"",""Cellulose"",""Stearic Acid"",""Cellulose Coatiing"",""Maltodextrin"",""Mannitol"",""Silica"",""Vegetable Magnesium Stearate""]","{""gmp"":{""claimed"":false,""fda_registered"":false,""gmp_certified_or_compliant"":false,""nsf_gmp"":false,""text_matched"":""""},""heavy_metal_tested"":false,""label_accuracy_verified"":false,""purity_verified"":false,""third_party_programs"":[]}","{""blends"":[],""has_proprietary_blends"":false}"
PG-0FBF176A56F8,83,Elderberry Immune Syrup,Garden of Life MyKind Organics,"{""basis_count"":6.5,""basis_unit"":""ml"",""max_servings_per_day"":2,""min_servings_per_day"":1}","[{""daily_value_percent"":40.0,""name"":""Vitamin C (unspecified)"",""quantity"":36.0,""unit"":""mg""},{""daily_value_percent"":12.0,""name"":""Zinc"",""quantity"":1.3,""unit"":""mg""},{""daily_value_percent"":null,""name"":""Echinacea purpurea"",""quantity"":50.0,""unit"":""mg""},{""daily_value_percent"":null,""name"":""Rosemary"",""quantity"":7.0,""unit"":""mg""}]","[""Water, Purified"",""organic Tapioca Fiber syrup"",""Glycerin"",""Lemon Juice Concentrate"",""Mandarin peel flavor"",""Flavors"",""Citrus extract""]","{""gmp"":{""claimed"":false,""fda_registered"":false,""gmp_certified_or_compliant"":false,""nsf_gmp"":false,""text_matched"":""""},""heavy_metal_tested"":false,""label_accuracy_verified"":false,""purity_verified"":false,""third_party_programs"":[]}","{""blends"":[{""child_ingredients"":[{""amount"":null,""name"":""Acerola Cherry fruit extract"",""unit"":""""},{""amount"":null,""name"":""Aronia"",""unit"":""""},{""amount"":null,""name"":""Psidium guajava Leaf Extract"",""unit"":""""}],""disclosure_level"":""partial"",""hidden_count"":3,""name"":""organic Immune Blend"",""total_weight"":390.0,""unit"":""mg""},{""child_ingredients"":[{""amount"":null,""name"":""Black Elderberry Fruit Extract"",""unit"":""""},{""amount"":null,""name"":""Black Elderberry Juice Concentrate"",""unit"":""""}],""disclosure_level"":""partial"",""hidden_count"":2,""name"":""Organic Sambucus Blend"",""total_weight"":1.5,""unit"":""Gram(s)""}],""has_proprietary_blends"":true}"
PG-43EB4D48292C,84,Creatine Advance XR Unflavored,GNC Pro Performance,"{""basis_count"":7.0,""basis_unit"":""gram"",""max_servings_per_day"":1,""min_servings_per_day"":1}","[{""daily_value_percent"":null,""name"":""Creatine Blend"",""quantity"":5.0,""unit"":""Gram(s)""},{""daily_value_percent"":null,""name"":""Creatine Precursors"",""quantity"":100.0,""unit"":""mg""}]","[""Natural flavor"",""Hydrogenated Vegetable Oil"",""Monoglycerides""]","{""gmp"":{""claimed"":false,""fda_registered"":false,""gmp_certified_or_compliant"":false,""nsf_gmp"":false,""text_matched"":""""},""heavy_metal_tested"":false,""label_accuracy_verified"":false,""purity_verified"":true,""third_party_programs"":[{""name"":""Informed Choice"",""verified"":true}]}","{""blends"":[{""child_ingredients"":[{""amount"":null,""name"":""Creatine AKG"",""unit"":""""},{""amount"":null,""name"":""Creatine Ethyl Ester HCl"",""unit"":""""},{""amount"":null,""name"":""OT2 Creatine"",""unit"":""""},{""amount"":null,""name"":""micronized Creatine Monohydrate"",""unit"":""""}],""disclosure_level"":""partial"",""hidden_count"":4,""name"":""Creatine Blend"",""total_weight"":5.0,""unit"":""Gram(s)""},{""child_ingredients"":[{""amount"":null,""name"":""Alpha-Ketoglutarate"",""unit"":""""},{""amount"":null,""name"":""Guanidinoacetate"",""unit"":""""},{""amount"":null,""name"":""L-Arginine"",""unit"":""""},{""amount"":null,""name"":""L-Methionine"",""unit"":""""}],""disclosure_level"":null,""hidden_count"":4,""name"":""Creatine Precursors"",""total_weight"":100.0,""unit"":""mg""}],""has_proprietary_blends"":true}"
PG-4A50AE931822,85,HMB 1000 mg,GNC Pro Performance,"{""basis_count"":4.0,""basis_unit"":""tablet"",""max_servings_per_day"":3,""min_servings_per_day"":3}","[{""daily_value_percent"":null,""name"":""HMB"",""quantity"":1000.0,""unit"":""mg""},{""daily_value_percent"":null,""name"":""Potassium"",""quantity"":200.0,""unit"":""mg""}]","[""Dicalcium Phosphate"",""Cellulose"",""Vegetable Acetoglycerides""]","{""gmp"":{""claimed"":false,""fda_registered"":false,""gmp_certified_or_compliant"":false,""nsf_gmp"":false,""text_matched"":""""},""heavy_metal_tested"":false,""label_accuracy_verified"":false,""purity_verified"":false,""third_party_programs"":[]}","{""blends"":[],""has_proprietary_blends"":false}"
PG-90C318035B69,86,Amplified Wheybolic Extreme 60 Ripped Chocolate Fudge,GNC Pro Performance AMP,"{""basis_count"":85.0,""basis_unit"":""gram"",""max_servings_per_day"":2,""min_servings_per_day"":1}","[{""daily_value_percent"":33.0,""name"":""Niacin"",""quantity"":6.6,""unit"":""mg""},{""daily_value_percent"":9.0,""name"":""Calcium"",""quantity"":90.0,""unit"":""mg""},{""daily_value_percent"":5.0,""name"":""Potassium"",""quantity"":170.0,""unit"":""mg""},{""daily_value_percent"":null,""name"":""Glutamine"",""quantity"":3.33,""unit"":""Gram(s)""},{""daily_value_percent"":null,""name"":""Leucine"",""quantity"":3.33,""unit"":""Gram(s)""},{""daily_value_percent"":null,""name"":""Leucine"",""quantity"":0.0,""unit"":""NP""},{""daily_value_percent"":null,""name"":""Arginine"",""quantity"":333.0,""unit"":""mg""},{""daily_value_percent"":null,""name"":""Alanine"",""quantity"":1.0,""unit"":""Gram(s)""},{""daily_value_percent"":null,""name"":""Tyrosine"",""quantity"":666.0,""unit"":""mg""},{""daily_value_percent"":null,""name"":""METHIONINE"",""quantity"":500.0,""unit"":""mg""},{""daily_value_percent"":null,""name"":""L-Carnitine"",""quantity"":333.0,""unit"":""mg""},{""daily_value_percent"":null,""name"":""Caffeine"",""quantity"":66.0,""unit"":""mg""},{""daily_value_percent"":null,""name"":""Piperine"",""quantity"":1.6,""unit"":""mg""}]","[""Protein Blend"",""Natural and Artifcial Flavors"",""Cocoa"",""Lecithin"",""Non-Fat Milk Powder"",""Cellulose Gum"",""Salt Substitute"",""Sucralose"",""Acesulfame Potassium""]","{""gmp"":{""claimed"":false,""fda_registered"":false,""gmp_certified_or_compliant"":false,""nsf_gmp"":false,""text_matched"":""""},""heavy_metal_tested"":false,""label_accuracy_verified"":false,""purity_verified"":false,""third_party_programs"":[]}","{""blends"":[{""child_ingredients"":[{""amount"":3.33,""name"":""Glutamine"",""unit"":""Gram(s)""},{""amount"":3.33,""name"":""Leucine"",""unit"":""Gram(s)""},{""amount"":333.0,""name"":""Arginine"",""unit"":""mg""}],""disclosure_level"":""full"",""hidden_count"":0,""name"":""Amino Acid Blend"",""total_weight"":333.0,""unit"":""mg""},{""child_ingredients"":[],""disclosure_level"":""none"",""hidden_count"":0,""name"":""Digestive Enzyme Blends"",""total_weight"":null,""unit"":""""},{""child_ingredients"":[],""disclosure_level"":""full"",""hidden_count"":0,""name"":""Metabolizer Matrix"",""total_weight"":0,""unit"":""NP""},{""child_ingredients"":[],""disclosure_level"":""full"",""hidden_count"":0,""name"":""Shredded Complex"",""total_weight"":0,""unit"":""NP""},{""child_ingredients"":[],""disclosure_level"":""none"",""hidden_count"":0,""name"":""Amino Acceleration System"",""total_weight"":0,""unit"":""NP""},{""child_ingredients"":[{""amount"":null,""name"":""Whey Protein Isolate"",""unit"":""""},{""amount"":null,""name"":""hydrolyzed Whey Protein"",""unit"":""""}],""disclosure_level"":null,""hidden_count"":2,""name"":""Glutamine"",""total_weight"":3.33,""unit"":""Gram(s)""},{""child_ingredients"":[{""amount"":null,""name"":""L-Leucine, Micronized"",""unit"":""""},{""amount"":null,""name"":""Whey Protein Isolate"",""unit"":""""},{""amount"":null,""name"":""hydrolyzed Whey Protein"",""unit"":""""}],""disclosure_level"":null,""hidden_count"":3,""name"":""Leucine"",""total_weight"":3.33,""unit"":""Gram(s)""},{""child_ingredients"":[{""amount"":null,""name"":""Whey Protein Isolate"",""unit"":""""},{""amount"":null,""name"":""hydrolyzed Whey Protein"",""unit"":""""}],""disclosure_level"":null,""hidden_count"":2,""name"":""Arginine"",""total_weight"":333.0,""unit"":""mg""},{""child_ingredients"":[{""amount"":1.0,""name"":""Alanine"",""unit"":""Gram(s)""},{""amount"":666.0,""name"":""Tyrosine"",""unit"":""mg""},{""amount"":500.0,""name"":""Methionine"",""unit"":""mg""},{""amount"":333.0,""name"":""L-Carnitine"",""unit"":""mg""}],""disclosure_level"":""full"",""hidden_count"":0,""name"":""Metabolizer Matrix"",""total_weight"":666.0,""unit"":""mg""},{""child_ingredients"":[{""amount"":null,""name"":""Whey Protein Isolate"",""unit"":""""},{""amount"":null,""name"":""hydrolyzed Whey Protein"",""unit"":""""}],""disclosure_level"":null,""hidden_count"":2,""name"":""Alanine"",""total_weight"":1.0,""unit"":""Gram(s)""},{""child_ingredients"":[{""amount"":null,""name"":""Whey Protein Isolate"",""unit"":""""},{""amount"":null,""name"":""hydrolyzed Whey Protein"",""unit"":""""}],""disclosure_level"":null,""hidden_count"":2,""name"":""Tyrosine"",""total_weight"":666.0,""unit"":""mg""},{""child_ingredients"":[{""amount"":null,""name"":""Whey Protein Isolate"",""unit"":""""},{""amount"":null,""name"":""hydrolyzed Whey Protein"",""unit"":""""}],""disclosure_level"":null,""hidden_count"":2,""name"":""Methionine"",""total_weight"":500.0,""unit"":""mg""},{""child_ingredients"":[{""amount"":133.0,""name"":""Svetol Green Coffee extract"",""unit"":""mg""},{""amount"":66.0,""name"":""Caffeine"",""unit"":""mg""},{""amount"":33.0,""name"":""Capsimax(TM) Capsicum Extract"",""unit"":""mg""},{""amount"":16.0,""name"":""Brown Seaweed"",""unit"":""mg""},{""amount"":1.6,""name"":""Piperine beadlets"",""unit"":""mg""}],""disclosure_level"":""full"",""hidden_count"":0,""name"":""Shredded Complex"",""total_weight"":133.0,""unit"":""mg""},{""child_ingredients"":[{""amount"":null,""name"":""Alpha-Galactosidase"",""unit"":""""},{""amount"":null,""name"":""Amylase"",""unit"":""""},{""amount"":null,""name"":""Bromelain"",""unit"":""""},{""amount"":null,""name"":""CereCalase"",""unit"":""""},{""amount"":null,""name"":""Glucoamylase"",""unit"":""""},{""amount"":null,""name"":""Invertase"",""unit"":""""},{""amount"":null,""name"":""Lactase"",""unit"":""""},{""amount"":null,""name"":""Lipase"",""unit"":""""},{""amount"":null,""name"":""Peptidase"",""unit"":""""},{""amount"":null,""name"":""Protease"",""unit"":""""},{""amount"":null,""name"":""Protease 3"",""unit"":""""},{""amount"":null,""name"":""Protease 4.5"",""unit"":""""},{""amount"":null,""name"":""Protease 6"",""unit"":""""}],""disclosure_level"":null,""hidden_count"":13,""name"":""Enzyme Matrix Blend"",""total_weight"":79.0,""unit"":""mg""}],""has_proprietary_blends"":true}"
PG-FA6E43D9C6A6,87,Omega-3 1055 mg Fish Oil 1250 mg,Sports Research,"{""basis_count"":1.0,""basis_unit"":""softgel"",""max_servings_per_day"":1,""min_servings_per_day"":1}","[{""daily_value_percent"":null,""name"":""Fish Oil"",""quantity"":1250.0,""unit"":""mg""},{""daily_value_percent"":null,""name"":""EPA"",""quantity"":690.0,""unit"":""mg""},{""daily_value_percent"":null,""name"":""DHA"",""quantity"":310.0,""unit"":""mg""}]","[""Fish Gelatin"",""Glycerin"",""Water, Purified"",""Tocopherols""]","{""gmp"":{""claimed"":true,""fda_registered"":false,""gmp_certified_or_compliant"":true,""nsf_gmp"":false,""text_matched"":""GMP""},""heavy_metal_tested"":true,""label_accuracy_verified"":false,""purity_verified"":true,""third_party_programs"":[{""name"":""IFOS"",""verified"":true},{""name"":""Friend of the Sea"",""source"":""rules_db"",""verified"":true}]}","{""blends"":[],""has_proprietary_blends"":false}"
PG-4DF8844CC9ED,88,BCAA 6 g Raspberry Lemonade,Nutricost Performance,"{""basis_count"":11.0,""basis_unit"":""gram"",""max_servings_per_day"":1,""min_servings_per_day"":1}","[{""daily_value_percent"":null,""name"":""Leucine"",""quantity"":3000.0,""unit"":""mg""},{""daily_value_percent"":null,""name"":""Isoleucine"",""quantity"":1500.0,""unit"":""mg""},{""daily_value_percent"":null,""name"":""Valine"",""quantity"":1500.0,""unit"":""mg""}]","[""Citric Acid"",""Natural Flavors"",""Malic Acid"",""Beet, Powder"",""Sucralose"",""Acesulfame Potassium"",""Silica""]","{""gmp"":{""claimed"":true,""fda_registered"":false,""gmp_certified_or_compliant"":true,""nsf_gmp"":false,""text_matched"":""GMP""},""heavy_metal_tested"":false,""label_accuracy_verified"":false,""purity_verified"":false,""third_party_programs"":[]}","{""blends"":[],""has_proprietary_blends"":false}"
PG-F99CED30C25B,89,"Alive! Hair, Skin & Nails Strawberry Flavored",Nature's Way,"{""basis_count"":2.0,""basis_unit"":""softgel"",""max_servings_per_day"":1,""min_servings_per_day"":1}","[{""daily_value_percent"":100.0,""name"":""Vitamin A"",""quantity"":5000.0,""unit"":""IU""},{""daily_value_percent"":100.0,""name"":""Vitamin C"",""quantity"":60.0,""unit"":""mg""},{""daily_value_percent"":250.0,""name"":""Vitamin D"",""quantity"":1000.0,""unit"":""IU""},{""daily_value_percent"":100.0,""name"":""Vitamin E"",""quantity"":30.0,""unit"":""IU""},{""daily_value_percent"":100.0,""name"":""Vitamin K"",""quantity"":80.0,""unit"":""mcg""},{""daily_value_percent"":200.0,""name"":""Thiamin"",""quantity"":3.0,""unit"":""mg""},{""daily_value_percent"":200.0,""name"":""Riboflavin"",""quantity"":3.4,""unit"":""mg""},{""daily_value_percent"":100.0,""name"":""Vitamin B3"",""quantity"":20.0,""unit"":""mg""},{""daily_value_percent"":200.0,""name"":""Vitamin B6"",""quantity"":4.0,""unit"":""mg""},{""daily_value_percent"":100.0,""name"":""Folate"",""quantity"":400.0,""unit"":""mcg""},{""daily_value_percent"":200.0,""name"":""Vitamin B12"",""quantity"":12.0,""unit"":""mcg""},{""daily_value_percent"":1667.0,""name"":""Biotin"",""quantity"":5000.0,""unit"":""mcg""},{""daily_value_percent"":150.0,""name"":""Pantothenic Acid"",""quantity"":15.0,""unit"":""mg""},{""daily_value_percent"":100.0,""name"":""Iodine"",""quantity"":150.0,""unit"":""mcg""},{""daily_value_percent"":100.0,""name"":""Zinc"",""quantity"":15.0,""unit"":""mg""},{""daily_value_percent"":100.0,""name"":""Selenium"",""quantity"":70.0,""unit"":""mcg""},{""daily_value_percent"":100.0,""name"":""Copper"",""quantity"":2.0,""unit"":""mg""},{""daily_value_percent"":100.0,""name"":""Manganese"",""quantity"":2.0,""unit"":""mg""},{""daily_value_percent"":100.0,""name"":""Molybdenum"",""quantity"":75.0,""unit"":""mcg""},{""daily_value_percent"":null,""name"":""Collagen"",""quantity"":75.0,""unit"":""mg""},{""daily_value_percent"":null,""name"":""Hyaluronic acid"",""quantity"":30.0,""unit"":""mg""},{""daily_value_percent"":null,""name"":""silica"",""quantity"":3.0,""unit"":""mg""}]","[""Sunflower Oil"",""Gelatin"",""Glycerin"",""yellow Beeswax"",""purified Water"",""Sunflower Lecithin"",""Natural flavor"",""Caramel""]","{""gmp"":{""claimed"":false,""fda_registered"":false,""gmp_certified_or_compliant"":false,""nsf_gmp"":false,""text_matched"":""""},""heavy_metal_tested"":false,""label_accuracy_verified"":false,""purity_verified"":false,""third_party_programs"":[]}","{""blends"":[{""child_ingredients"":[{""amount"":null,""name"":""Acai"",""unit"":""""},{""amount"":null,""name"":""Apple"",""unit"":""""},{""amount"":null,""name"":""Asparagus"",""unit"":""""},{""amount"":null,""name"":""Banana"",""unit"":""""},{""amount"":null,""name"":""Beet"",""unit"":""""},{""amount"":null,""name"":""Blueberry"",""unit"":""""},{""amount"":null,""name"":""Broccoli"",""unit"":""""},{""amount"":null,""name"":""Brussels Sprout"",""unit"":""""},{""amount"":null,""name"":""Cabbage"",""unit"":""""},{""amount"":null,""name"":""Carrot"",""unit"":""""},{""amount"":null,""name"":""Cauliflower"",""unit"":""""},{""amount"":null,""name"":""Cherry"",""unit"":""""},{""amount"":null,""name"":""Cranberry"",""unit"":""""},{""amount"":null,""name"":""Cucumber"",""unit"":""""},{""amount"":null,""name"":""Grape"",""unit"":""""},{""amount"":null,""name"":""Pea"",""unit"":""""},{""amount"":null,""name"":""Pineapple"",""unit"":""""},{""amount"":null,""name"":""Prune"",""unit"":""""},{""amount"":null,""name"":""Raspberry"",""unit"":""""},{""amount"":null,""name"":""Spinach"",""unit"":""""},{""amount"":null,""name"":""Strawberry"",""unit"":""""},{""amount"":null,""name"":""Tomato"",""unit"":""""}],""disclosure_level"":""partial"",""hidden_count"":22,""name"":""Orchard Fruits/Garden Veggies Powder Blend"",""total_weight"":50.0,""unit"":""mg""}],""has_proprietary_blends"":true}"
PG-EE434BB9ABDB,90,Amplified Wheybolic Extreme 60 Original Banana Cream,GNC Pro Performance AMP,"{""basis_count"":79.0,""basis_unit"":""scoop"",""max_servings_per_day"":2,""min_servings_per_day"":1}","[{""daily_value_percent"":28.0,""name"":""Calcium"",""quantity"":280.0,""unit"":""mg""},{""daily_value_percent"":10.0,""name"":""Potassium"",""quantity"":350.0,""unit"":""mg""},{""daily_value_percent"":null,""name"":""Leucine"",""quantity"":7.7,""unit"":""Gram(s)""},{""daily_value_percent"":null,""name"":""Leucine"",""quantity"":0.0,""unit"":""NP""},{""daily_value_percent"":null,""name"":""L-Carnitine"",""quantity"":500.0,""unit"":""mg""}]","[""Protein Blend"",""Natural and Artificial flavors"",""Polydextrose"",""Lecithin"",""Malic Acid"",""Sucralose"",""Acesulfame Potassium"",""FD&C Yellow #5""]","{""gmp"":{""claimed"":false,""fda_registered"":false,""gmp_certified_or_compliant"":false,""nsf_gmp"":false,""text_matched"":""""},""heavy_metal_tested"":false,""label_accuracy_verified"":false,""purity_verified"":true,""third_party_programs"":[{""name"":""Informed Choice"",""verified"":true}]}","{""blends"":[{""child_ingredients"":[{""amount"":null,""name"":""Aminogen"",""unit"":""""},{""amount"":null,""name"":""Carbogen"",""unit"":""""},{""amount"":null,""name"":""Enzyme Matrix Blend"",""unit"":""""}],""disclosure_level"":""partial"",""hidden_count"":3,""name"":""Amino Acceleration System"",""total_weight"":239.0,""unit"":""mg""},{""child_ingredients"":[],""disclosure_level"":""none"",""hidden_count"":0,""name"":""Digestive Enzyme Blends"",""total_weight"":null,""unit"":""""},{""child_ingredients"":[{""amount"":null,""name"":""Arginine"",""unit"":""""},{""amount"":null,""name"":""Glutamine"",""unit"":""""}],""disclosure_level"":""none"",""hidden_count"":2,""name"":""Amino Acids"",""total_weight"":8.5,""unit"":""Gram(s)""},{""child_ingredients"":[{""amount"":null,""name"":""L-Arginine, Micronized"",""unit"":""""},{""amount"":null,""name"":""as Whey Protein isolate"",""unit"":""""},{""amount"":null,""name"":""hydrolyzed Whey Protein"",""unit"":""""}],""disclosure_level"":null,""hidden_count"":3,""name"":""Arginine"",""total_weight"":0.0,""unit"":""""},{""child_ingredients"":[{""amount"":null,""name"":""L-Glutamine, Micronized"",""unit"":""""},{""amount"":null,""name"":""as Whey Protein isolate"",""unit"":""""},{""amount"":null,""name"":""hydrolyzed Whey Protein"",""unit"":""""}],""disclosure_level"":null,""hidden_count"":3,""name"":""Glutamine"",""total_weight"":0.0,""unit"":""""},{""child_ingredients"":[{""amount"":null,""name"":""L-Leucine"",""unit"":""""},{""amount"":null,""name"":""as Whey Protein isolate"",""unit"":""""},{""amount"":null,""name"":""hydrolyzed Whey"",""unit"":""""}],""disclosure_level"":null,""hidden_count"":3,""name"":""Leucine"",""total_weight"":7.7,""unit"":""Gram(s)""},{""child_ingredients"":[{""amount"":null,""name"":""Alpha-Galactosidase"",""unit"":""""},{""amount"":null,""name"":""Amylase"",""unit"":""""},{""amount"":null,""name"":""Bromelain"",""unit"":""""},{""amount"":null,""name"":""CereCalase(R)"",""unit"":""""},{""amount"":null,""name"":""Glucoamylase"",""unit"":""""},{""amount"":null,""name"":""Invertase"",""unit"":""""},{""amount"":null,""name"":""Lactase"",""unit"":""""},{""amount"":null,""name"":""Lipase"",""unit"":""""},{""amount"":null,""name"":""Peptidase"",""unit"":""""},{""amount"":null,""name"":""Protease"",""unit"":""""},{""amount"":null,""name"":""Protease 3"",""unit"":""""},{""amount"":null,""name"":""Protease 4.5"",""unit"":""""},{""amount"":null,""name"":""Protease 6"",""unit"":""""}],""disclosure_level"":null,""hidden_count"":13,""name"":""Enzyme Matrix Blend"",""total_weight"":0.0,""unit"":""""}],""has_proprietary_blends"":true}"
PG-370FC09303D5,91,PRE Pre-Workout Complex Watermelon,Nutricost Performance,"{""basis_count"":16.0,""basis_unit"":""gram"",""max_servings_per_day"":1,""min_servings_per_day"":1}","[{""daily_value_percent"":4170.0,""name"":""Thiamin"",""quantity"":50.0,""unit"":""mg""},{""daily_value_percent"":160.0,""name"":""Niacin"",""quantity"":25.0,""unit"":""mg NE""},{""daily_value_percent"":3530.0,""name"":""Vitamin B6"",""quantity"":60.0,""unit"":""mg""},{""daily_value_percent"":8330.0,""name"":""Vitamin B12"",""quantity"":200.0,""unit"":""mcg""},{""daily_value_percent"":null,""name"":""Citrulline"",""quantity"":6000.0,""unit"":""mg""},{""daily_value_percent"":null,""name"":""Beta-Alanine"",""quantity"":3000.0,""unit"":""mg""},{""daily_value_percent"":null,""name"":""Taurine"",""quantity"":2000.0,""unit"":""mg""},{""daily_value_percent"":null,""name"":""Agmatine"",""quantity"":500.0,""unit"":""mg""},{""daily_value_percent"":null,""name"":""Tyrosine"",""quantity"":500.0,""unit"":""mg""},{""daily_value_percent"":null,""name"":""Theanine"",""quantity"":300.0,""unit"":""mg""},{""daily_value_percent"":null,""name"":""Caffeine"",""quantity"":300.0,""unit"":""mg""},{""daily_value_percent"":null,""name"":""Theobromine"",""quantity"":200.0,""unit"":""mg""},{""daily_value_percent"":null,""name"":""Huperzine"",""quantity"":200.0,""unit"":""mcg""}]","[""Natural Flavors"",""Tartaric Acid"",""Calcium Silicate"",""Silica"",""Sucralose"",""Citric Acid"",""Beet, Powder""]","{""gmp"":{""claimed"":true,""fda_registered"":false,""gmp_certified_or_compliant"":true,""nsf_gmp"":false,""text_matched"":""GMP""},""heavy_metal_tested"":false,""label_accuracy_verified"":false,""purity_verified"":false,""third_party_programs"":[]}","{""blends"":[],""has_proprietary_blends"":false}"
PG-9DC514DEA4E0,92,B Complex Natural Strawberry Flavor,vitafusion,"{""basis_count"":1.0,""basis_unit"":""gummy"",""max_servings_per_day"":1,""min_servings_per_day"":1}","[{""daily_value_percent"":25.0,""name"":""Vitamin C"",""quantity"":15.0,""unit"":""mg""},{""daily_value_percent"":100.0,""name"":""Niacin"",""quantity"":20.0,""unit"":""mg""},{""daily_value_percent"":100.0,""name"":""Vitamin B6"",""quantity"":2.0,""unit"":""mg""},{""daily_value_percent"":100.0,""name"":""Folate"",""quantity"":400.0,""unit"":""mcg""},{""daily_value_percent"":500.0,""name"":""Vitamin B12"",""quantity"":30.0,""unit"":""mcg""},{""daily_value_percent"":25.0,""name"":""Biotin"",""quantity"":75.0,""unit"":""mcg""},{""daily_value_percent"":100.0,""name"":""Vitamin B5"",""quantity"":10.0,""unit"":""mg""},{""daily_value_percent"":null,""name"":""Inositol"",""quantity"":7.0,""unit"":""mg""}]","[""Glucose Syrup"",""Sucrose"",""Water"",""Gelatin"",""Citric Acid"",""Coconut Oil"",""Color"",""Lactic Acid"",""Natural flavor""]","{""gmp"":{""claimed"":false,""fda_registered"":false,""gmp_certified_or_compliant"":false,""nsf_gmp"":false,""text_matched"":""""},""heavy_metal_tested"":false,""label_accuracy_verified"":false,""purity_verified"":false,""third_party_programs"":[]}","{""blends"":[],""has_proprietary_blends"":false}"
PG-CE76CF4A528F,93,BCAA 3:1:2,BulkSupplements.com,"{""basis_count"":1500.0,""basis_unit"":""mg"",""max_servings_per_day"":2,""min_servings_per_day"":1}","[{""daily_value_percent"":null,""name"":""Leucine"",""quantity"":750.0,""unit"":""mg""},{""daily_value_percent"":null,""name"":""Isoleucine"",""quantity"":250.0,""unit"":""mg""},{""daily_value_percent"":null,""name"":""Valine"",""quantity"":500.0,""unit"":""mg""}]","[""Sunflower Lecithin""]","{""gmp"":{""claimed"":false,""fda_registered"":false,""gmp_certified_or_compliant"":false,""nsf_gmp"":false,""text_matched"":""""},""heavy_metal_tested"":false,""label_accuracy_verified"":false,""purity_verified"":false,""third_party_programs"":[]}","{""blends"":[],""has_proprietary_blends"":false}"
PG-D8C92D609FEE,94,Basic B Complex,Thorne,"{""basis_count"":1.0,""basis_unit"":""capsule"",""max_servings_per_day"":3,""min_servings_per_day"":1}","[{""daily_value_percent"":9167.0,""name"":""Thiamin"",""quantity"":110.0,""unit"":""mg""},{""daily_value_percent"":769.0,""name"":""Vitamin B2"",""quantity"":10.0,""unit"":""mg""},{""daily_value_percent"":875.0,""name"":""Niacin"",""quantity"":140.0,""unit"":""mg""},{""daily_value_percent"":null,""name"":""Niacin"",""quantity"":130.0,""unit"":""mg""},{""daily_value_percent"":null,""name"":""Niacin"",""quantity"":10.0,""unit"":""mg""},{""daily_value_percent"":588.0,""name"":""Vitamin B6 (unspecified)"",""quantity"":10.0,""unit"":""mg""},{""daily_value_percent"":167.0,""name"":""Folate"",""quantity"":667.0,""unit"":""mcg""},{""daily_value_percent"":null,""name"":""Vitamin B9 (methyltetrahydrofolate)"",""quantity"":400.0,""unit"":""mcg""},{""daily_value_percent"":16667.0,""name"":""Vitamin B12"",""quantity"":400.0,""unit"":""mcg""},{""daily_value_percent"":1333.0,""name"":""Biotin"",""quantity"":400.0,""unit"":""mcg""},{""daily_value_percent"":2200.0,""name"":""Pantothenic Acid"",""quantity"":110.0,""unit"":""mg""},{""daily_value_percent"":5.0,""name"":""Choline"",""quantity"":28.0,""unit"":""mg""}]","[""Hypromellose capsule"",""Microcrystalline Cellulose"",""Calcium Laurate"",""Leucine"",""Magnesium Citrate"",""Silicon Dioxide""]","{""gmp"":{""claimed"":false,""fda_registered"":false,""gmp_certified_or_compliant"":false,""nsf_gmp"":false,""text_matched"":""""},""heavy_metal_tested"":false,""label_accuracy_verified"":false,""purity_verified"":false,""third_party_programs"":[]}","{""blends"":[],""has_proprietary_blends"":false}"
PG-6C0434F391ED,95,BCAA 6 g Unflavored,Nutricost,"{""basis_count"":6.0,""basis_unit"":""gram"",""max_servings_per_day"":1,""min_servings_per_day"":1}","[{""daily_value_percent"":null,""name"":""Leucine"",""quantity"":3000.0,""unit"":""mg""},{""daily_value_percent"":null,""name"":""Isoleucine"",""quantity"":1500.0,""unit"":""mg""},{""daily_value_percent"":null,""name"":""Valine"",""quantity"":1500.0,""unit"":""mg""}]",[],"{""gmp"":{""claimed"":false,""fda_registered"":false,""gmp_certified_or_compliant"":false,""nsf_gmp"":false,""text_matched"":""""},""heavy_metal_tested"":false,""label_accuracy_verified"":false,""purity_verified"":false,""third_party_programs"":[]}","{""blends"":[],""has_proprietary_blends"":false}"
PG-C886D5B65613,96,5 Day Elderberry Immune Berry Flavor,Life Extension,"{""basis_count"":1.0,""basis_unit"":""tablet"",""max_servings_per_day"":8,""min_servings_per_day"":8}","[{""daily_value_percent"":139.0,""name"":""Vitamin C"",""quantity"":125.0,""unit"":""mg""},{""daily_value_percent"":91.0,""name"":""Zinc"",""quantity"":10.0,""unit"":""mg""},{""daily_value_percent"":null,""name"":""elderberry"",""quantity"":90.0,""unit"":""mg""}]","[""Sorbitol"",""Xylitol"",""Stearic Acid"",""Strawberry flavor"",""Silica"",""Citric Acid"",""Taste Modifier"",""Stevia Extract"",""Maltodextrin""]","{""gmp"":{""claimed"":true,""fda_registered"":false,""gmp_certified_or_compliant"":false,""nsf_gmp"":false,""source"":""manufacturer_evidence"",""text_matched"":""""},""heavy_metal_tested"":false,""label_accuracy_verified"":false,""purity_verified"":false,""third_party_programs"":[]}","{""blends"":[],""has_proprietary_blends"":false}"
PG-1089812D8995,97,Children's Probiotic Gummies,Spring Valley,"{""basis_count"":8.0,""basis_unit"":""gummy"",""max_servings_per_day"":1,""min_servings_per_day"":1}","[{""daily_value_percent"":null,""name"":""Bacillus Coagulans"",""quantity"":0.0,""unit"":""NP""},{""daily_value_percent"":null,""name"":""Bacillus Coagulans"",""quantity"":0.0,""unit"":""NP""}]","[""Maltitol"",""Isomalt"",""Water"",""Citrus Pectin"",""Citric Acid"",""Sodium Citrate"",""natural Strawberry and Orange extract"",""Black Carrot extract"",""Beta-Carotene"",""Probiotic Bacteria""]","{""gmp"":{""claimed"":false,""fda_registered"":false,""gmp_certified_or_compliant"":false,""nsf_gmp"":false,""text_matched"":""""},""heavy_metal_tested"":false,""label_accuracy_verified"":false,""purity_verified"":false,""third_party_programs"":[]}","{""blends"":[],""has_proprietary_blends"":false}"
PG-DAF8870DDFA8,98,Elderberry Flavored Gummies,Nutricost,"{""basis_count"":2.0,""basis_unit"":""gummy"",""max_servings_per_day"":1,""min_servings_per_day"":1}","[{""daily_value_percent"":100.0,""name"":""Vitamin C"",""quantity"":90.0,""unit"":""mg""},{""daily_value_percent"":70.0,""name"":""Zinc"",""quantity"":8.0,""unit"":""mg""},{""daily_value_percent"":null,""name"":""European Elder"",""quantity"":100.0,""unit"":""mg""}]","[""Glucose Syrup"",""Isomalt"",""Sugar"",""Glucose"",""Pectin"",""Citric Acid"",""Sodium Citrate"",""Natural Flavors"",""Vegetable Oil""]","{""gmp"":{""claimed"":true,""fda_registered"":false,""gmp_certified_or_compliant"":true,""nsf_gmp"":false,""text_matched"":""GMP""},""heavy_metal_tested"":false,""label_accuracy_verified"":false,""purity_verified"":false,""third_party_programs"":[]}","{""blends"":[],""has_proprietary_blends"":false}"
PG-9CD1901B71BC,99,Brewers Yeast Unflavored,Nutricost,"{""basis_count"":30.0,""basis_unit"":""gram"",""max_servings_per_day"":1,""min_servings_per_day"":1}","[{""daily_value_percent"":null,""name"":""Vitamin D"",""quantity"":0.0,""unit"":""mcg""},{""daily_value_percent"":null,""name"":""Iron"",""quantity"":0.0,""unit"":""mg""},{""daily_value_percent"":null,""name"":""Calcium"",""quantity"":0.0,""unit"":""mg""},{""daily_value_percent"":null,""name"":""Potassium"",""quantity"":0.0,""unit"":""mg""}]","[""Brewer's Yeast""]","{""gmp"":{""claimed"":false,""fda_registered"":false,""gmp_certified_or_compliant"":false,""nsf_gmp"":false,""text_matched"":""""},""heavy_metal_tested"":false,""label_accuracy_verified"":false,""purity_verified"":false,""third_party_programs"":[]}","{""blends"":[],""has_proprietary_blends"":false}"
PG-7BEF5DDEE4F5,100,Amplified N.O. Loaded V2 Blue Raspberry,GNC Pro Performance AMP,"{""basis_count"":22.8,""basis_unit"":""gram"",""max_servings_per_day"":1,""min_servings_per_day"":1}","[{""daily_value_percent"":500.0,""name"":""Vitamin D"",""quantity"":2000.0,""unit"":""IU""},{""daily_value_percent"":200.0,""name"":""Niacin"",""quantity"":40.0,""unit"":""mg""},{""daily_value_percent"":null,""name"":""Betaine"",""quantity"":5.0,""unit"":""Gram(s)""},{""daily_value_percent"":null,""name"":""Beta-Alanine"",""quantity"":3.6,""unit"":""Gram(s)""},{""daily_value_percent"":null,""name"":""Creatine"",""quantity"":2.5,""unit"":""Gram(s)""},{""daily_value_percent"":null,""name"":""Creatine"",""quantity"":1.5,""unit"":""Gram(s)""},{""daily_value_percent"":null,""name"":""Glycocyamine"",""quantity"":70.0,""unit"":""mg""},{""daily_value_percent"":null,""name"":""Alpha-Ketoglutarate"",""quantity"":20.0,""unit"":""mg""},{""daily_value_percent"":null,""name"":""METHIONINE"",""quantity"":10.0,""unit"":""mg""},{""daily_value_percent"":null,""name"":""Arginine"",""quantity"":1.62,""unit"":""Gram(s)""},{""daily_value_percent"":null,""name"":""Citrulline"",""quantity"":450.0,""unit"":""mg""},{""daily_value_percent"":null,""name"":""Arginine AKG"",""quantity"":200.0,""unit"":""mg""},{""daily_value_percent"":null,""name"":""Arginine"",""quantity"":180.0,""unit"":""mg""},{""daily_value_percent"":null,""name"":""Resveratrol"",""quantity"":60.0,""unit"":""mg""},{""daily_value_percent"":null,""name"":""Yohimbe"",""quantity"":50.0,""unit"":""mg""},{""daily_value_percent"":null,""name"":""Rhodiola"",""quantity"":40.0,""unit"":""mg""},{""daily_value_percent"":null,""name"":""Caffeine"",""quantity"":300.0,""unit"":""mg""},{""daily_value_percent"":null,""name"":""L-Carnitine"",""quantity"":100.0,""unit"":""mg""}]","[""Natural and Artificial flavors"",""Citric Acid"",""Malic Acid"",""Lecithin"",""Calcium Silicate"",""Silicon Dioxide"",""Sucralose"",""Tartaric Acid"",""Acesulfame Potassium"",""FD&C Blue #2"",""FD&C Blue #1""]","{""gmp"":{""claimed"":false,""fda_registered"":false,""gmp_certified_or_compliant"":false,""nsf_gmp"":false,""text_matched"":""""},""heavy_metal_tested"":false,""label_accuracy_verified"":false,""purity_verified"":true,""third_party_programs"":[{""name"":""Informed Choice"",""verified"":true}]}","{""blends"":[{""child_ingredients"":[],""disclosure_level"":""full"",""hidden_count"":0,""name"":""Power and Performance Matrix"",""total_weight"":12.7,""unit"":""Gram(s)""},{""child_ingredients"":[],""disclosure_level"":""full"",""hidden_count"":0,""name"":""N.O. Accelerator Blend"",""total_weight"":2.6,""unit"":""Gram(s)""},{""child_ingredients"":[{""amount"":300.0,""name"":""Caffeine Anhydrous"",""unit"":""mg""},{""amount"":100.0,""name"":""Carnitine"",""unit"":""mg""}],""disclosure_level"":""full"",""hidden_count"":0,""name"":""Energizing Fatty Acid Metabolizer Blend"",""total_weight"":400.0,""unit"":""mg""},{""child_ingredients"":[{""amount"":5.0,""name"":""Betaine"",""unit"":""Gram(s)""},{""amount"":3.6,""name"":""CarnoSyn"",""unit"":""Gram(s)""},{""amount"":2.5,""name"":""Creatine HCl"",""unit"":""Gram(s)""},{""amount"":1.5,""name"":""micronized Creatine Monohydrate"",""unit"":""Gram(s)""},{""amount"":70.0,""name"":""Guanidinoacetate"",""unit"":""mg""},{""amount"":20.0,""name"":""Alpha-Ketoglutarate"",""unit"":""mg""},{""amount"":10.0,""name"":""L-Methionine"",""unit"":""mg""}],""disclosure_level"":""full"",""hidden_count"":0,""name"":""Power and Performance Matrix"",""total_weight"":70.0,""unit"":""mg""},{""child_ingredients"":[{""amount"":1.62,""name"":""L-Arginine"",""unit"":""Gram(s)""},{""amount"":450.0,""name"":""L-Citrulline"",""unit"":""mg""},{""amount"":200.0,""name"":""Arginine AKG"",""unit"":""mg""},{""amount"":180.0,""name"":""L-Arginine, Micronized"",""unit"":""mg""},{""amount"":60.0,""name"":""resVida Trans-Resveratrol"",""unit"":""mg""},{""amount"":50.0,""name"":""Yohimbe bark powder"",""unit"":""mg""},{""amount"":40.0,""name"":""Rhodiola rosea extract"",""unit"":""mg""}],""disclosure_level"":""full"",""hidden_count"":0,""name"":""N.O. Accelerator Blend"",""total_weight"":450.0,""unit"":""mg""}],""has_proprietary_blends"":true}"
PG-088E4DBDDF1F,101,Precision EAA Elevated Gummy Worm,GNC Beyond Raw,"{""basis_count"":17.0,""basis_unit"":""gram"",""max_servings_per_day"":0.058823529411764705,""min_servings_per_day"":0.058823529411764705}","[{""daily_value_percent"":4.0,""name"":""Calcium"",""quantity"":50.0,""unit"":""mg""},{""daily_value_percent"":12.0,""name"":""Magnesium"",""quantity"":50.0,""unit"":""mg""},{""daily_value_percent"":2.0,""name"":""Potassium"",""quantity"":100.0,""unit"":""mg""},{""daily_value_percent"":null,""name"":""Leucine"",""quantity"":4.0,""unit"":""Gram(s)""},{""daily_value_percent"":null,""name"":""Isoleucine"",""quantity"":2.0,""unit"":""Gram(s)""},{""daily_value_percent"":null,""name"":""Valine"",""quantity"":2.0,""unit"":""Gram(s)""},{""daily_value_percent"":null,""name"":""Lysine"",""quantity"":500.0,""unit"":""mg""},{""daily_value_percent"":null,""name"":""THREONINE"",""quantity"":500.0,""unit"":""mg""},{""daily_value_percent"":null,""name"":""Tryptophan"",""quantity"":250.0,""unit"":""mg""},{""daily_value_percent"":null,""name"":""Histidine"",""quantity"":250.0,""unit"":""mg""},{""daily_value_percent"":null,""name"":""METHIONINE"",""quantity"":250.0,""unit"":""mg""},{""daily_value_percent"":null,""name"":""Phenylalanine"",""quantity"":250.0,""unit"":""mg""},{""daily_value_percent"":null,""name"":""Tyrosine"",""quantity"":1.5,""unit"":""Gram(s)""},{""daily_value_percent"":null,""name"":""Caffeine Blend"",""quantity"":200.0,""unit"":""mg""},{""daily_value_percent"":null,""name"":""Caffeine"",""quantity"":150.0,""unit"":""mg""},{""daily_value_percent"":null,""name"":""Caffeine"",""quantity"":50.0,""unit"":""mg""},{""daily_value_percent"":null,""name"":""Alpha-GPC"",""quantity"":75.0,""unit"":""mg""}]","[""Natural and Artificial flavors"",""Citric Acid"",""Tartaric Acid"",""Acesulfame Potassium"",""Acetylated Monoglycerides"",""Calcium Silicate"",""Cellulose"",""Dewaxed Bleached Shellac"",""FD&C Blue #1"",""FD&C Yellow #5"",""Glycerin"",""Hydroxypropyl Methylcellulose"",""Magnesium Silicate Hydroxide"",""Polysorbate 80"",""Potassium Sorbate"",""Shellac"",""Silicate Hydroxide"",""Silicon Dioxide"",""Sorbitol"",""Sucralose"",""Sunflower Lecithin"",""Tricalcium Phosphate"",""ULTRA-TEX 4"",""Xanthan Gum""]","{""gmp"":{""claimed"":false,""fda_registered"":false,""gmp_certified_or_compliant"":false,""nsf_gmp"":false,""text_matched"":""""},""heavy_metal_tested"":false,""label_accuracy_verified"":false,""purity_verified"":false,""third_party_programs"":[]}","{""blends"":[{""child_ingredients"":[{""amount"":250.0,""name"":""TamaFlex"",""unit"":""mg""}],""disclosure_level"":""full"",""hidden_count"":0,""name"":""Joint Support & Herbal Complex"",""total_weight"":250.0,""unit"":""mg""},{""child_ingredients"":[{""amount"":150.0,""name"":""Caffeine Anhydrous"",""unit"":""mg""},{""amount"":50.0,""name"":""ZumXR Caffeine"",""unit"":""mg""}],""disclosure_level"":null,""hidden_count"":0,""name"":""Caffeine Blend"",""total_weight"":200.0,""unit"":""mg""}],""has_proprietary_blends"":true}"
PG-500BFBF5F051,102,Children's Immune Support Honey Lemon Flavored,CVS Pharmacy,"{""basis_count"":10.0,""basis_unit"":""ml"",""max_servings_per_day"":6,""min_servings_per_day"":1}","[{""daily_value_percent"":113.0,""name"":""Vitamin C"",""quantity"":68.0,""unit"":""mg""},{""daily_value_percent"":22.0,""name"":""Zinc"",""quantity"":3.3,""unit"":""mg""}]","[""Water"",""Ascorbic Acid"",""Natural Flavors"",""Zinc Gluconate"",""Grapefruit seed extract"",""Citric Acid""]","{""gmp"":{""claimed"":false,""fda_registered"":false,""gmp_certified_or_compliant"":false,""nsf_gmp"":false,""text_matched"":""""},""heavy_metal_tested"":false,""label_accuracy_verified"":false,""purity_verified"":false,""third_party_programs"":[]}","{""blends"":[],""has_proprietary_blends"":false}"
PG-BFA258A0CA75,103,Fish Oil 1400 mg,Spring Valley,"{""basis_count"":1.0,""basis_unit"":""softgel"",""max_servings_per_day"":1,""min_servings_per_day"":1}","[{""daily_value_percent"":null,""name"":""Fish Oil"",""quantity"":1400.0,""unit"":""mg""},{""daily_value_percent"":null,""name"":""Omega-3"",""quantity"":900.0,""unit"":""mg""},{""daily_value_percent"":null,""name"":""EPA"",""quantity"":647.0,""unit"":""mg""},{""daily_value_percent"":null,""name"":""DHA"",""quantity"":253.0,""unit"":""mg""}]","[""Gelatin"",""Glycerin"",""purified Water"",""Shellac"",""Sunflower Oil"",""Glycerol Monostearate"",""Carboxymethylcellulose Sodium"",""Talcum"",""Beeswax"",""Carnauba Wax"",""Ammonium Hydrogen Carbonate"",""Silicon Dioxide""]","{""gmp"":{""claimed"":false,""fda_registered"":false,""gmp_certified_or_compliant"":false,""nsf_gmp"":false,""text_matched"":""""},""heavy_metal_tested"":false,""label_accuracy_verified"":false,""purity_verified"":false,""third_party_programs"":[]}","{""blends"":[],""has_proprietary_blends"":false}"
PG-FB9B44F6DF15,104,Super B Energy Complex,Nature Made,"{""basis_count"":1.0,""basis_unit"":""softgel"",""max_servings_per_day"":1,""min_servings_per_day"":1}","[{""daily_value_percent"":100.0,""name"":""Thiamin"",""quantity"":1.5,""unit"":""mg""},{""daily_value_percent"":100.0,""name"":""Riboflavin"",""quantity"":1.7,""unit"":""mg""},{""daily_value_percent"":100.0,""name"":""Niacin"",""quantity"":20.0,""unit"":""mg""},{""daily_value_percent"":100.0,""name"":""Vitamin B6"",""quantity"":2.0,""unit"":""mg""},{""daily_value_percent"":100.0,""name"":""Folate"",""quantity"":400.0,""unit"":""mcg""},{""daily_value_percent"":100.0,""name"":""Vitamin B12"",""quantity"":6.0,""unit"":""mcg""},{""daily_value_percent"":100.0,""name"":""Biotin"",""quantity"":300.0,""unit"":""mcg""},{""daily_value_percent"":100.0,""name"":""Pantothenic Acid"",""quantity"":10.0,""unit"":""mg""}]","[""Soybean Oil"",""Gelatin"",""Dibasic Calcium Phosphate"",""Glycerin"",""yellow Beeswax"",""Water"",""Colors added"",""Soy Lecithin"",""Resin""]","{""gmp"":{""claimed"":false,""fda_registered"":false,""gmp_certified_or_compliant"":false,""nsf_gmp"":false,""text_matched"":""""},""heavy_metal_tested"":false,""label_accuracy_verified"":false,""purity_verified"":false,""third_party_programs"":[]}","{""blends"":[],""has_proprietary_blends"":false}"
PG-AEDDCE049744,105,Dragon Fruit Extract,BulkSupplements.com,"{""basis_count"":1000.0,""basis_unit"":""milligram"",""max_servings_per_day"":2,""min_servings_per_day"":1}","[{""daily_value_percent"":null,""name"":""Pitaya"",""quantity"":1000.0,""unit"":""mg""}]",[],"{""gmp"":{""claimed"":false,""fda_registered"":false,""gmp_certified_or_compliant"":false,""nsf_gmp"":false,""text_matched"":""""},""heavy_metal_tested"":false,""label_accuracy_verified"":false,""purity_verified"":false,""third_party_programs"":[]}","{""blends"":[],""has_proprietary_blends"":false}"
PG-939852592C61,106,Biotin 8 mg,Pure Encapsulations,"{""basis_count"":1.0,""basis_unit"":""capsule"",""max_servings_per_day"":2,""min_servings_per_day"":1}","[{""daily_value_percent"":26667.0,""name"":""Biotin"",""quantity"":8000.0,""unit"":""mcg""}]","[""hypoallergenic Plant Fiber"",""Vegetarian Capsule""]","{""gmp"":{""claimed"":true,""fda_registered"":false,""gmp_certified_or_compliant"":false,""nsf_gmp"":false,""source"":""manufacturer_evidence"",""text_matched"":""""},""heavy_metal_tested"":false,""label_accuracy_verified"":false,""purity_verified"":false,""third_party_programs"":[]}","{""blends"":[],""has_proprietary_blends"":false}"
PG-5B33318183E0,107,Triple Strength Fish Oil,GNC,"{""basis_count"":1.0,""basis_unit"":""capsule"",""max_servings_per_day"":1,""min_servings_per_day"":1}","[{""daily_value_percent"":null,""name"":""EPA"",""quantity"":734.0,""unit"":""mg""},{""daily_value_percent"":null,""name"":""DHA"",""quantity"":267.0,""unit"":""mg""}]","[""Fish Oil"",""Gelatin"",""Glycerin"",""Stearic Acid"",""Sodium Alginate"",""Ethylcellulose"",""Medium Chain Triglyceride"",""Oleic Acid"",""Mixed Tocopherols""]","{""gmp"":{""claimed"":false,""fda_registered"":false,""gmp_certified_or_compliant"":false,""nsf_gmp"":false,""text_matched"":""""},""heavy_metal_tested"":false,""label_accuracy_verified"":false,""purity_verified"":false,""third_party_programs"":[]}","{""blends"":[],""has_proprietary_blends"":false}"
PG-2C71FD9FF2A4,108,Ultra Pure Omega3 Grapefruit-Tangerine Flavored,Nature's Way,"{""basis_count"":5.031914893617022,""basis_unit"":""ml"",""max_servings_per_day"":0.19873150105708243,""min_servings_per_day"":0.19873150105708243}","[{""daily_value_percent"":null,""name"":""Fish Oil"",""quantity"":4.6,""unit"":""Gram(s)""},{""daily_value_percent"":null,""name"":""EPA"",""quantity"":750.0,""unit"":""mg""},{""daily_value_percent"":null,""name"":""DHA"",""quantity"":500.0,""unit"":""mg""}]","[""Natural Flavors"",""Mixed Tocopherols"",""Green Tea Extract"",""Luo Han Guo fruit extract""]","{""gmp"":{""claimed"":false,""fda_registered"":false,""gmp_certified_or_compliant"":false,""nsf_gmp"":false,""text_matched"":""""},""heavy_metal_tested"":false,""label_accuracy_verified"":false,""purity_verified"":false,""third_party_programs"":[{""name"":""Friend of the Sea"",""source"":""rules_db"",""verified"":true}]}","{""blends"":[],""has_proprietary_blends"":false}"
PG-2503260ACF21,109,BCAA 6 g Grape,Nutricost Performance,"{""basis_count"":10.0,""basis_unit"":""gram"",""max_servings_per_day"":1,""min_servings_per_day"":1}","[{""daily_value_percent"":null,""name"":""Leucine"",""quantity"":3000.0,""unit"":""mg""},{""daily_value_percent"":null,""name"":""Isoleucine"",""quantity"":1500.0,""unit"":""mg""},{""daily_value_percent"":null,""name"":""Valine"",""quantity"":1500.0,""unit"":""mg""}]","[""Natural Flavors"",""Tartaric Acid"",""Citric Acid"",""Malic Acid"",""Sucralose"",""Acesulfame Potassium"",""Silica"",""Fruit Juice""]","{""gmp"":{""claimed"":true,""fda_registered"":false,""gmp_certified_or_compliant"":true,""nsf_gmp"":false,""text_matched"":""GMP""},""heavy_metal_tested"":false,""label_accuracy_verified"":false,""purity_verified"":false,""third_party_programs"":[]}","{""blends"":[],""has_proprietary_blends"":false}"
PG-02E594BD03F2,110,Pycnogenol 100 mg,GNC Preventive Nutrition,"{""basis_count"":1.0,""basis_unit"":""capsule"",""max_servings_per_day"":1,""min_servings_per_day"":1}","[{""daily_value_percent"":null,""name"":""Pycnogenol"",""quantity"":100.0,""unit"":""mg""}]","[""Cellulose"",""Gelatin"",""Titanium Dioxide"",""Chlorophyll""]","{""gmp"":{""claimed"":false,""fda_registered"":false,""gmp_certified_or_compliant"":false,""nsf_gmp"":false,""text_matched"":""""},""heavy_metal_tested"":false,""label_accuracy_verified"":false,""purity_verified"":false,""third_party_programs"":[]}","{""blends"":[],""has_proprietary_blends"":false}"
PG-CD9BDB62339A,111,Colon Care,Garden of Life Raw Probiotics,"{""basis_count"":1.0,""basis_unit"":""capsule"",""max_servings_per_day"":1,""min_servings_per_day"":1}","[{""daily_value_percent"":null,""name"":""Colon Care Blend"",""quantity"":0.0,""unit"":""NP""},{""daily_value_percent"":null,""name"":""Bulgarian Yogurt (Milk) Concentrate"",""quantity"":0.0,""unit"":""NP""},{""daily_value_percent"":null,""name"":""Colon Transit Support Enzyme Blend"",""quantity"":50.0,""unit"":""mg""},{""daily_value_percent"":null,""name"":""Eastern European RAW Fruit & Veggie Blend"",""quantity"":45.0,""unit"":""mg""},{""daily_value_percent"":null,""name"":""Pea"",""quantity"":0.0,""unit"":""NP""}]","[""Cellulose"",""Brown Rice""]","{""gmp"":{""claimed"":false,""fda_registered"":false,""gmp_certified_or_compliant"":false,""nsf_gmp"":false,""text_matched"":""""},""heavy_metal_tested"":false,""label_accuracy_verified"":false,""purity_verified"":false,""third_party_programs"":[]}","{""blends"":[{""child_ingredients"":[],""disclosure_level"":""none"",""hidden_count"":0,""name"":""Probiotic & Microbiome Blends"",""total_weight"":null,""unit"":""""},{""child_ingredients"":[{""amount"":null,""name"":""Alpha-Galactosidase"",""unit"":""""},{""amount"":null,""name"":""Amylase"",""unit"":""""},{""amount"":null,""name"":""Beta-Glucanase"",""unit"":""""},{""amount"":null,""name"":""Bromelain"",""unit"":""""},{""amount"":null,""name"":""Cellulase"",""unit"":""""},{""amount"":null,""name"":""Diastase"",""unit"":""""},{""amount"":null,""name"":""Glucoamylase"",""unit"":""""},{""amount"":null,""name"":""Hemicellulase"",""unit"":""""},{""amount"":null,""name"":""Invertase"",""unit"":""""},{""amount"":null,""name"":""Lactase"",""unit"":""""},{""amount"":null,""name"":""Lipase"",""unit"":""""},{""amount"":null,""name"":""Papain"",""unit"":""""},{""amount"":null,""name"":""Pectinase"",""unit"":""""},{""amount"":null,""name"":""Peptidase"",""unit"":""""},{""amount"":null,""name"":""Phytase"",""unit"":""""},{""amount"":null,""name"":""Proteases"",""unit"":""""},{""amount"":null,""name"":""Xylanase"",""unit"":""""}],""disclosure_level"":""partial"",""hidden_count"":17,""name"":""Colon Transit Support Enzyme Blend"",""total_weight"":50.0,""unit"":""mg""},{""child_ingredients"":[{""amount"":null,""name"":""Carrot"",""unit"":""""},{""amount"":null,""name"":""Cherry"",""unit"":""""},{""amount"":null,""name"":""Green Pea"",""unit"":""""},{""amount"":null,""name"":""Plum"",""unit"":""""},{""amount"":null,""name"":""Raspberry"",""unit"":""""},{""amount"":null,""name"":""Red Bell Pepper"",""unit"":""""},{""amount"":null,""name"":""Strawberry"",""unit"":""""}],""disclosure_level"":""partial"",""hidden_count"":7,""name"":""Eastern European RAW Fruit & Veggie Blend"",""total_weight"":45.0,""unit"":""mg""},{""child_ingredients"":[{""amount"":null,""name"":""Bifidobacterium lactis (SD-5674)"",""unit"":""""},{""amount"":null,""name"":""Eastern European Wild Kefir Culture"",""unit"":""""},{""amount"":null,""name"":""ISS Bif Bifidobacterium lactis (SD-5219)"",""unit"":""""},{""amount"":null,""name"":""Lactobacillus acidophilus (SD-5221)"",""unit"":""""},{""amount"":null,""name"":""RAW Whole Food Probiotic Blend"",""unit"":""""}],""disclosure_level"":""none"",""hidden_count"":5,""name"":""Colon Care Blend"",""total_weight"":0.0,""unit"":""""},{""child_ingredients"":[{""amount"":null,""name"":""Bulgarian Yogurt (Milk) Concentrate"",""unit"":""""}],""disclosure_level"":null,""hidden_count"":1,""name"":""RAW Whole Food Probiotic Blend"",""total_weight"":0.0,""unit"":""""},{""child_ingredients"":[{""amount"":null,""name"":""Bifidobacterium animalis lactis"",""unit"":""""},{""amount"":null,""name"":""Bifidobacterium longum"",""unit"":""""},{""amount"":null,""name"":""Brettanomyces anomalus"",""unit"":""""},{""amount"":null,""name"":""Debaryomyces hansenii"",""unit"":""""},{""amount"":null,""name"":""Kluyveromyces marxianus"",""unit"":""""},{""amount"":null,""name"":""Lactobacillus acidophilus"",""unit"":""""},{""amount"":null,""name"":""Lactobacillus brevis"",""unit"":""""},{""amount"":null,""name"":""Lactobacillus bulgaricus"",""unit"":""""},{""amount"":null,""name"":""Lactobacillus casei"",""unit"":""""},{""amount"":null,""name"":""Lactobacillus fermentum"",""unit"":""""},{""amount"":null,""name"":""Lactobacillus helveticus"",""unit"":""""},{""amount"":null,""name"":""Lactobacillus kefir"",""unit"":""""},{""amount"":null,""name"":""Lactobacillus kefiranofaciens"",""unit"":""""},{""amount"":null,""name"":""Lactobacillus kefirgranum"",""unit"":""""},{""amount"":null,""name"":""Lactobacillus parakefir"",""unit"":""""},{""amount"":null,""name"":""Lactobacillus plantarum"",""unit"":""""},{""amount"":null,""name"":""Lactobacillus rhamnosus"",""unit"":""""},{""amount"":null,""name"":""Lactococcus cremoris"",""unit"":""""},{""amount"":null,""name"":""Lactococcus lactis"",""unit"":""""},{""amount"":null,""name"":""Lactococcus lactis biovar diacetylactis"",""unit"":""""},{""amount"":null,""name"":""Leuconostoc cremoris"",""unit"":""""},{""amount"":null,""name"":""Leuconostoc dextranicum"",""unit"":""""},{""amount"":null,""name"":""Leuconostoc lactis"",""unit"":""""},{""amount"":null,""name"":""Leuconostoc mesenteroides"",""unit"":""""},{""amount"":null,""name"":""Saccharomyces cerevisiae"",""unit"":""""},{""amount"":null,""name"":""Saccharomyces exiguus"",""unit"":""""},{""amount"":null,""name"":""Saccharomyces turicensis"",""unit"":""""},{""amount"":null,""name"":""Saccharomyces unisporus"",""unit"":""""},{""amount"":null,""name"":""Streptococcus thermophilus"",""unit"":""""},{""amount"":null,""name"":""Torulaspora delbrueckii"",""unit"":""""}],""disclosure_level"":null,""hidden_count"":30,""name"":""Eastern European Wild Kefir Culture"",""total_weight"":0.0,""unit"":""""}],""has_proprietary_blends"":true}"
PG-E3BFBDCC950A,112,Immune Blend,Nature's Way,"{""basis_count"":3.0,""basis_unit"":""capsule"",""max_servings_per_day"":1,""min_servings_per_day"":1}","[{""daily_value_percent"":null,""name"":""Maitake Mushroom"",""quantity"":500.0,""unit"":""mg""},{""daily_value_percent"":null,""name"":""Beta-Glucans"",""quantity"":150.0,""unit"":""mg""},{""daily_value_percent"":null,""name"":""Chaga"",""quantity"":50.0,""unit"":""mg""}]","[""Hypromellose"",""Silica""]","{""gmp"":{""claimed"":false,""fda_registered"":false,""gmp_certified_or_compliant"":false,""nsf_gmp"":false,""text_matched"":""""},""heavy_metal_tested"":false,""label_accuracy_verified"":false,""purity_verified"":false,""third_party_programs"":[]}","{""blends"":[],""has_proprietary_blends"":false}"
PG-04B387D6555F,113,Amplified N.O. Loaded V2 Fruit Punch,GNC Pro Performance AMP,"{""basis_count"":22.0,""basis_unit"":""gram"",""max_servings_per_day"":1,""min_servings_per_day"":1}","[{""daily_value_percent"":500.0,""name"":""Vitamin D"",""quantity"":2000.0,""unit"":""IU""},{""daily_value_percent"":200.0,""name"":""Niacin"",""quantity"":40.0,""unit"":""mg""},{""daily_value_percent"":null,""name"":""Betaine"",""quantity"":5.0,""unit"":""Gram(s)""},{""daily_value_percent"":null,""name"":""Beta-Alanine"",""quantity"":3.6,""unit"":""Gram(s)""},{""daily_value_percent"":null,""name"":""Creatine"",""quantity"":2.5,""unit"":""Gram(s)""},{""daily_value_percent"":null,""name"":""Creatine"",""quantity"":750.0,""unit"":""mg""},{""daily_value_percent"":null,""name"":""Glycocyamine"",""quantity"":70.0,""unit"":""mg""},{""daily_value_percent"":null,""name"":""Alpha-Ketoglutarate"",""quantity"":20.0,""unit"":""mg""},{""daily_value_percent"":null,""name"":""METHIONINE"",""quantity"":10.0,""unit"":""mg""},{""daily_value_percent"":null,""name"":""Arginine"",""quantity"":810.0,""unit"":""mg""},{""daily_value_percent"":null,""name"":""Citrulline"",""quantity"":450.0,""unit"":""mg""},{""daily_value_percent"":null,""name"":""Arginine AKG"",""quantity"":200.0,""unit"":""mg""},{""daily_value_percent"":null,""name"":""Arginine"",""quantity"":180.0,""unit"":""mg""},{""daily_value_percent"":null,""name"":""Resveratrol"",""quantity"":60.0,""unit"":""mg""},{""daily_value_percent"":null,""name"":""Yohimbe"",""quantity"":50.0,""unit"":""mg""},{""daily_value_percent"":null,""name"":""Rhodiola"",""quantity"":40.0,""unit"":""mg""},{""daily_value_percent"":null,""name"":""Caffeine"",""quantity"":300.0,""unit"":""mg""},{""daily_value_percent"":null,""name"":""L-Carnitine"",""quantity"":100.0,""unit"":""mg""}]","[""Citric Acid"",""Natural and Artificial flavors"",""Malic Acid"",""Lecithin"",""Gum Blend"",""Tartaric Acid"",""Calcium Silicate"",""Silicon Dioxide"",""Sucralose"",""Acesulfame Potassium"",""FD&C Red #40""]","{""gmp"":{""claimed"":false,""fda_registered"":false,""gmp_certified_or_compliant"":false,""nsf_gmp"":false,""text_matched"":""""},""heavy_metal_tested"":false,""label_accuracy_verified"":false,""purity_verified"":true,""third_party_programs"":[{""name"":""Informed Choice"",""verified"":true}]}","{""blends"":[{""child_ingredients"":[],""disclosure_level"":""full"",""hidden_count"":0,""name"":""Power and Performance Matrix"",""total_weight"":12.7,""unit"":""Gram(s)""},{""child_ingredients"":[],""disclosure_level"":""full"",""hidden_count"":0,""name"":""N.O. Accelerator Blend"",""total_weight"":2.6,""unit"":""Gram(s)""},{""child_ingredients"":[],""disclosure_level"":""full"",""hidden_count"":0,""name"":""Energizing Fatty Acid Metabolizer Blend"",""total_weight"":40.0,""unit"":""mg""},{""child_ingredients"":[{""amount"":5.0,""name"":""Betaine"",""unit"":""Gram(s)""},{""amount"":3.6,""name"":""CarnoSyn"",""unit"":""Gram(s)""},{""amount"":2.5,""name"":""Creatine HCl"",""unit"":""Gram(s)""},{""amount"":750.0,""name"":""micronized Creatine Monohydrate"",""unit"":""mg""},{""amount"":70.0,""name"":""Guanidinoacetate"",""unit"":""mg""},{""amount"":20.0,""name"":""Alpha-Ketoglutarate"",""unit"":""mg""},{""amount"":10.0,""name"":""L-Methionine"",""unit"":""mg""}],""disclosure_level"":""full"",""hidden_count"":0,""name"":""Power and Performance Matrix"",""total_weight"":750.0,""unit"":""mg""},{""child_ingredients"":[{""amount"":810.0,""name"":""L-Arginine"",""unit"":""mg""},{""amount"":450.0,""name"":""L-Citrulline"",""unit"":""mg""},{""amount"":200.0,""name"":""Arginine AKG"",""unit"":""mg""},{""amount"":180.0,""name"":""L-Arginine, Micronized"",""unit"":""mg""},{""amount"":60.0,""name"":""resVida Trans-Resveratrol"",""unit"":""mg""},{""amount"":50.0,""name"":""Yohimbe bark powder"",""unit"":""mg""},{""amount"":40.0,""name"":""Rhodiola rosea extract"",""unit"":""mg""}],""disclosure_level"":""full"",""hidden_count"":0,""name"":""N.O. Accelerator Blend"",""total_weight"":810.0,""unit"":""mg""},{""child_ingredients"":[{""amount"":300.0,""name"":""Caffeine Anhydrous"",""unit"":""mg""},{""amount"":100.0,""name"":""L-Carnitine"",""unit"":""mg""}],""disclosure_level"":""full"",""hidden_count"":0,""name"":""Energizing Fatty Acid Metabolizer Blend"",""total_weight"":300.0,""unit"":""mg""}],""has_proprietary_blends"":true}"
PG-7D8022896CDA,114,Citrulline Complex,GNC Pro Performance,"{""basis_count"":2.0,""basis_unit"":""tablet"",""max_servings_per_day"":2,""min_servings_per_day"":1}","[{""daily_value_percent"":null,""name"":""Citrulline"",""quantity"":1600.0,""unit"":""mg""}]","[""Cellulose"",""Calcium Carbonate"",""Stearic Acid"",""Magnesium Stearate"",""Titanium Dioxide"",""Riboflavin"",""natural Vanilla Mint flavor"",""Stevia leaf extract"",""Carmine""]","{""gmp"":{""claimed"":false,""fda_registered"":false,""gmp_certified_or_compliant"":false,""nsf_gmp"":false,""text_matched"":""""},""heavy_metal_tested"":false,""label_accuracy_verified"":false,""purity_verified"":false,""third_party_programs"":[]}","{""blends"":[{""child_ingredients"":[],""disclosure_level"":""full"",""hidden_count"":0,""name"":""Micro-Peptide Citrulline Complex:"",""total_weight"":0,""unit"":""NP""},{""child_ingredients"":[{""amount"":1600.0,""name"":""L-Citrulline"",""unit"":""mg""},{""amount"":100.0,""name"":""hydrolyzed Whey Peptide Complex"",""unit"":""mg""}],""disclosure_level"":""full"",""hidden_count"":0,""name"":""Micro-Peptide Citrulline Complex:"",""total_weight"":1600.0,""unit"":""mg""}],""has_proprietary_blends"":true}"
PG-CC4BA235798A,115,Triple Ginsa Rush,GNC Mega Men,"{""basis_count"":1.0,""basis_unit"":""capsule"",""max_servings_per_day"":1,""min_servings_per_day"":1}","[{""daily_value_percent"":null,""name"":""American Ginseng"",""quantity"":200.0,""unit"":""mg""},{""daily_value_percent"":null,""name"":""Panax ginseng extract"",""quantity"":200.0,""unit"":""mg""},{""daily_value_percent"":null,""name"":""Guarana"",""quantity"":200.0,""unit"":""mg""},{""daily_value_percent"":null,""name"":""Eleuthero Root"",""quantity"":200.0,""unit"":""mg""}]","[""Gelatin""]","{""gmp"":{""claimed"":false,""fda_registered"":false,""gmp_certified_or_compliant"":false,""nsf_gmp"":false,""text_matched"":""""},""heavy_metal_tested"":false,""label_accuracy_verified"":false,""purity_verified"":false,""third_party_programs"":[]}","{""blends"":[],""has_proprietary_blends"":false}"
PG-962A06AA26EF,116,Extra Strength Probiotic Juicy Apple,OLLY,"{""basis_count"":2.0,""basis_unit"":""gummy"",""max_servings_per_day"":1,""min_servings_per_day"":1}","[{""daily_value_percent"":null,""name"":""Bacillus Coagulans"",""quantity"":66.0,""unit"":""mg""},{""daily_value_percent"":null,""name"":""Bacillus Subtilis"",""quantity"":50.0,""unit"":""mg""}]","[""Cane Sugar"",""Glucose Syrup"",""Water"",""Gelatin"",""Lactic Acid"",""Natural flavors"",""Citric Acid"",""Tartaric Acid"",""Mixed Tocopherols"",""Coloring""]","{""gmp"":{""claimed"":false,""fda_registered"":false,""gmp_certified_or_compliant"":false,""nsf_gmp"":false,""text_matched"":""""},""heavy_metal_tested"":false,""label_accuracy_verified"":false,""purity_verified"":false,""third_party_programs"":[]}","{""blends"":[],""has_proprietary_blends"":false}"
PG-689BF595617F,117,Essential Amino Acids,GNC Pro Performance,"{""basis_count"":4.0,""basis_unit"":""tablet"",""max_servings_per_day"":1,""min_servings_per_day"":1}","[{""daily_value_percent"":null,""name"":""Micro-Peptide Essential Amino Complex"",""quantity"":1600.0,""unit"":""mg""},{""daily_value_percent"":null,""name"":""Whey Protein"",""quantity"":100.0,""unit"":""mg""}]","[""Cellulose"",""Stearic Acid"",""Titanium Dioxide"",""Magnesium Stearate"",""Vegetable Acetoglycerides"",""natural Vanilla Mint flavor"",""Caramel color"",""Stevia leaf extract""]","{""gmp"":{""claimed"":false,""fda_registered"":false,""gmp_certified_or_compliant"":false,""nsf_gmp"":false,""text_matched"":""""},""heavy_metal_tested"":false,""label_accuracy_verified"":false,""purity_verified"":false,""third_party_programs"":[]}","{""blends"":[{""child_ingredients"":[{""amount"":null,""name"":""L-Histidine"",""unit"":""""},{""amount"":null,""name"":""L-Isoleucine"",""unit"":""""},{""amount"":null,""name"":""L-Leucine"",""unit"":""""},{""amount"":null,""name"":""L-Lysine"",""unit"":""""},{""amount"":null,""name"":""L-Methionine"",""unit"":""""},{""amount"":null,""name"":""L-Phenylalanine"",""unit"":""""},{""amount"":null,""name"":""L-Threonine"",""unit"":""""},{""amount"":null,""name"":""L-Tryptophan"",""unit"":""""},{""amount"":null,""name"":""L-Valine"",""unit"":""""}],""disclosure_level"":""partial"",""hidden_count"":9,""name"":""Micro-Peptide Essential Amino Complex"",""total_weight"":1600.0,""unit"":""mg""}],""has_proprietary_blends"":true}"
PG-731D7B126B24,118,Natural Super B-Complex,Spring Valley,"{""basis_count"":1.0,""basis_unit"":""tablet"",""max_servings_per_day"":1,""min_servings_per_day"":1}","[{""daily_value_percent"":300.0,""name"":""Vitamin C"",""quantity"":180.0,""unit"":""mg""},{""daily_value_percent"":3333.0,""name"":""Thiamin"",""quantity"":50.0,""unit"":""mg""},{""daily_value_percent"":735.0,""name"":""Riboflavin"",""quantity"":12.5,""unit"":""mg""},{""daily_value_percent"":250.0,""name"":""Niacin"",""quantity"":50.0,""unit"":""mg""},{""daily_value_percent"":250.0,""name"":""Vitamin B6"",""quantity"":5.0,""unit"":""mg""},{""daily_value_percent"":100.0,""name"":""Folate"",""quantity"":400.0,""unit"":""mcg""},{""daily_value_percent"":208.0,""name"":""Vitamin B12"",""quantity"":12.5,""unit"":""mcg""},{""daily_value_percent"":15.0,""name"":""Biotin"",""quantity"":45.0,""unit"":""mcg""},{""daily_value_percent"":500.0,""name"":""Pantothenic Acid"",""quantity"":50.0,""unit"":""mg""}]","[""Microcrystalline Cellulose"",""Croscarmellose Sodium"",""Magnesium Stearate"",""Coating"",""Natural flavor""]","{""gmp"":{""claimed"":false,""fda_registered"":false,""gmp_certified_or_compliant"":false,""nsf_gmp"":false,""text_matched"":""""},""heavy_metal_tested"":false,""label_accuracy_verified"":false,""purity_verified"":false,""third_party_programs"":[]}","{""blends"":[],""has_proprietary_blends"":false}"
PG-C2F03A6C1A1B,119,Plant DHA Liquid,Garden of Life Baby,"{""basis_count"":2.5,""basis_unit"":""ml"",""max_servings_per_day"":1,""min_servings_per_day"":1}","[{""daily_value_percent"":null,""name"":""DHA"",""quantity"":600.0,""unit"":""mg""}]","[""Medium Chain Triglyceride Oil"",""PureAlgaeOmega3 oil"",""Lecithin"",""Glycerin"",""Citrus extract"",""Vitamin E"",""Rosemary leaf oil extract""]","{""gmp"":{""claimed"":false,""fda_registered"":false,""gmp_certified_or_compliant"":false,""nsf_gmp"":false,""text_matched"":""""},""heavy_metal_tested"":false,""label_accuracy_verified"":false,""purity_verified"":false,""third_party_programs"":[]}","{""blends"":[],""has_proprietary_blends"":false}"
PG-DBD814C84E8E,120,Sambucus Immune Lozenges Peppermint,Nature's Way,"{""basis_count"":1.0,""basis_unit"":""lozenge"",""max_servings_per_day"":4,""min_servings_per_day"":1}","[{""daily_value_percent"":100.0,""name"":""Vitamin C"",""quantity"":90.0,""unit"":""mg""},{""daily_value_percent"":45.0,""name"":""Zinc"",""quantity"":5.0,""unit"":""mg""},{""daily_value_percent"":null,""name"":""elderberry"",""quantity"":12.5,""unit"":""mg""},{""daily_value_percent"":null,""name"":""Elderberry (unspecified)"",""quantity"":800.0,""unit"":""mg""}]","[""Cane Sugar"",""Tapioca Syrup"",""Eucalyptus Oil"",""Sunflower Oil"",""Natural Flavors"",""Lemon Oil"",""Peppermint Oil""]","{""gmp"":{""claimed"":false,""fda_registered"":false,""gmp_certified_or_compliant"":false,""nsf_gmp"":false,""text_matched"":""""},""heavy_metal_tested"":false,""label_accuracy_verified"":false,""purity_verified"":false,""third_party_programs"":[]}","{""blends"":[],""has_proprietary_blends"":false}"
