dsld_id,product_name,brand,v4_module,archetype,change_class,expected_reason,delta_score,old_score,new_score,old_tier,new_tier,old_score_status,new_score_status,old_safety_status,new_safety_status,old_assessment,new_assessment,old_verdict,new_verdict,old_safety_verdict,new_safety_verdict,old_blocking_reason,new_blocking_reason,old_safety_pillar,new_safety_pillar,old_dose_pillar,new_dose_pillar,old_b7,new_b7,old_module,new_module,old_dose_states,new_dose_states,new_safety_reason
1179,Ravage Fruit Punch,GNC Beyond Raw,generic,generic_single_molecule,unresolved_no_deduction,unresolved exposure no longer takes an unproven harm deduction; assessment marked partial/review,3.8,44.2,48.0,Poor,Poor,scored,scored,no_known_catalog_concern,caution,complete,partial,SAFE,CAUTION,SAFE,CAUTION,,,4.0,6.0,7.4,9.2,-2.0,-0.0,generic,generic,"{""material_but_unresolved"": 1}","{""material_but_unresolved"": 1}",Safety concern: it contains additive or sweetener/form-factor concerns.
12147,L-Carnitine 500 mg,Spring Valley,generic,generic_single_molecule,evidence_scope_carnitine,ALCAR/L-carnitine evidence form-scoping and the daily-dose comparator fix carried on this branch,3.2,55.5,58.7,Weak,Weak,scored,scored,no_known_catalog_concern,no_known_catalog_concern,complete,complete,SAFE,SAFE,SAFE,SAFE,,,7.0,7.0,20.0,20.0,-0.0,-0.0,generic,generic,null,null,Safety concern: it contains a restricted additive and it contains additive or sweetener/form-factor concerns.
176168,Decaf Thermo Igniter 12X,GNC Pro Performance AMP,generic,generic_botanical_branded,export_safety_projection,effective safety computed once and projected to product_safety_status / verdict / blocking_reason,0.0,52.2,52.2,Poor,Poor,scored,scored,no_known_catalog_concern,caution,complete,complete,CAUTION,CAUTION,CAUTION,CAUTION,,,7.0,7.0,10.9,10.9,-0.0,-0.0,generic,generic,null,null,Safety concern: it contains a restricted additive and it contains additive or sweetener/form-factor concerns.
178387,L-Carnitine,Spring Valley,generic,generic_single_molecule,evidence_scope_carnitine,ALCAR/L-carnitine evidence form-scoping and the daily-dose comparator fix carried on this branch,3.2,54.9,58.1,Poor,Weak,scored,scored,no_known_catalog_concern,no_known_catalog_concern,complete,complete,SAFE,SAFE,SAFE,SAFE,,,8.5,8.5,20.0,20.0,-0.0,-0.0,generic,generic,null,null,Safety concern: it contains additive or sweetener/form-factor concerns.
178402,L-Carnitine,Spring Valley,generic,generic_single_molecule,evidence_scope_carnitine,ALCAR/L-carnitine evidence form-scoping and the daily-dose comparator fix carried on this branch,3.2,54.9,58.1,Poor,Weak,scored,scored,no_known_catalog_concern,no_known_catalog_concern,complete,complete,SAFE,SAFE,SAFE,SAFE,,,8.5,8.5,20.0,20.0,-0.0,-0.0,generic,generic,null,null,Safety concern: it contains additive or sweetener/form-factor concerns.
179791,Astaxanthin 4 mg,Nature Made,generic,generic_botanical_branded,penalty_registry_mirror,registry changed which penalties mirror into the Formula & quality checks pillar,0.0,85.0,85.0,Strong,Strong,scored,scored,no_known_catalog_concern,no_known_catalog_concern,complete,complete,SAFE,SAFE,SAFE,SAFE,,,9.4,10.0,17.9,19.1,-0.0,-0.0,generic,generic,null,null,"No banned, recalled, or watchlisted ingredients."
180399,Flush-free Niacin 500 mg,Nature Made,generic,generic_single_molecule,unresolved_no_deduction,unresolved exposure no longer takes an unproven harm deduction; assessment marked partial/review,2.0,53.6,55.6,Poor,Weak,scored,scored,no_known_catalog_concern,caution,complete,partial,SAFE,CAUTION,SAFE,CAUTION,,,8.0,10.0,0.0,0.0,-2.0,-0.0,generic,generic,"{""material_but_unresolved"": 1}","{""material_but_unresolved"": 1}","No banned, recalled, or watchlisted ingredients."
182872,Super Citrimax,GNC BodyDynamix,generic,generic_botanical_branded,export_safety_projection,effective safety computed once and projected to product_safety_status / verdict / blocking_reason,0.0,47.2,47.2,Poor,Poor,scored,scored,no_known_catalog_concern,caution,complete,complete,CAUTION,CAUTION,CAUTION,CAUTION,,,5.5,5.5,10.9,10.9,-0.0,-0.0,generic,generic,null,null,Safety concern: it contains a restricted additive and it contains additive or sweetener/form-factor concerns.
183545,Decaf Thermo Igniter 12X,GNC AMP Advanced Muscle Performance,generic,generic_botanical_branded,export_safety_projection,effective safety computed once and projected to product_safety_status / verdict / blocking_reason,0.0,51.0,51.0,Poor,Poor,scored,scored,no_known_catalog_concern,caution,complete,complete,CAUTION,CAUTION,CAUTION,CAUTION,,,5.0,5.0,10.9,10.9,-0.0,-0.0,generic,generic,null,null,Safety concern: it contains a restricted additive and it contains additive or sweetener/form-factor concerns.
184046,CoQ10 L-Carnitine Fumarate,Pure Encapsulations,generic,generic_single_molecule,evidence_scope_carnitine,ALCAR/L-carnitine evidence form-scoping and the daily-dose comparator fix carried on this branch,2.0,67.8,69.8,Weak,Weak,scored,scored,no_known_catalog_concern,no_known_catalog_concern,complete,complete,SAFE,SAFE,SAFE,SAFE,,,10.0,10.0,20.0,20.0,-0.0,-0.0,generic,generic,null,null,"No banned, recalled, or watchlisted ingredients."
187598,Super CitriMax Plus,Pure Encapsulations,generic,generic_botanical_branded,export_safety_projection,effective safety computed once and projected to product_safety_status / verdict / blocking_reason,0.0,67.5,67.5,Weak,Weak,scored,scored,no_known_catalog_concern,caution,complete,complete,CAUTION,CAUTION,CAUTION,CAUTION,,,10.0,10.0,10.9,10.9,-0.0,-0.0,generic,generic,null,null,"No banned, recalled, or watchlisted ingredients."
187599,Super CitriMax Plus,Pure Encapsulations,generic,generic_botanical_branded,export_safety_projection,effective safety computed once and projected to product_safety_status / verdict / blocking_reason,0.0,67.5,67.5,Weak,Weak,scored,scored,no_known_catalog_concern,caution,complete,complete,CAUTION,CAUTION,CAUTION,CAUTION,,,10.0,10.0,10.9,10.9,-0.0,-0.0,generic,generic,null,null,"No banned, recalled, or watchlisted ingredients."
201051,HCActive,Jarrow Formulas,generic,generic_botanical_branded,export_safety_projection,effective safety computed once and projected to product_safety_status / verdict / blocking_reason,0.0,42.5,42.5,Poor,Poor,scored,scored,no_known_catalog_concern,caution,complete,complete,CAUTION,CAUTION,CAUTION,CAUTION,,,8.5,8.5,10.9,10.9,-0.0,-0.0,generic,generic,null,null,Safety concern: it contains additive or sweetener/form-factor concerns.
201426,No-Flush Niacin (Inositol Hexanicotinate) 500 mg,Solgar,generic,generic_single_molecule,unresolved_no_deduction,unresolved exposure no longer takes an unproven harm deduction; assessment marked partial/review,3.0,46.1,49.1,Poor,Poor,scored,scored,no_known_catalog_concern,caution,complete,partial,POOR,CAUTION,SAFE,CAUTION,,,7.0,9.0,0.0,1.0,-2.0,-0.0,generic,generic,"{""material_but_unresolved"": 1}","{""material_but_unresolved"": 1}",Safety concern: it contains additive or sweetener/form-factor concerns.
201437,No-Flush Niacin (Inositol Hexanicotinate) 500 mg,Solgar,generic,generic_single_molecule,unresolved_no_deduction,unresolved exposure no longer takes an unproven harm deduction; assessment marked partial/review,3.0,46.1,49.1,Poor,Poor,scored,scored,no_known_catalog_concern,caution,complete,partial,POOR,CAUTION,SAFE,CAUTION,,,7.0,9.0,0.0,1.0,-2.0,-0.0,generic,generic,"{""material_but_unresolved"": 1}","{""material_but_unresolved"": 1}",Safety concern: it contains additive or sweetener/form-factor concerns.
211339,Re-Built Mass XP Chocolate,GNC Beyond Raw,fiber_digestive,fiber_digestive,universal_b7_confirmed,"confirmed over-UL exposure now scored on fiber_digestive, a route that previously had no B7 path",-3.6,65.3,61.7,Weak,Weak,scored,scored,caution,caution,complete,complete,CAUTION,CAUTION,CAUTION,CAUTION,,,6.0,4.0,16.0,14.4,,-2.0,fiber_digestive,fiber_digestive,null,"{""confirmed_over_threshold"": 1}",Safety concern: it contains additive or sweetener/form-factor concerns and one or more supplemental amounts exceed an established upper limit.
211387,Flush-Free Niacin 500 mg,Nature Made,generic,generic_single_molecule,unresolved_no_deduction,unresolved exposure no longer takes an unproven harm deduction; assessment marked partial/review,2.0,53.6,55.6,Poor,Weak,scored,scored,no_known_catalog_concern,caution,complete,partial,SAFE,CAUTION,SAFE,CAUTION,,,8.0,10.0,0.0,0.0,-2.0,-0.0,generic,generic,"{""material_but_unresolved"": 1}","{""material_but_unresolved"": 1}","No banned, recalled, or watchlisted ingredients."
211431,Garcinia Cambogia,Spring Valley,generic,generic_botanical_branded,export_safety_projection,effective safety computed once and projected to product_safety_status / verdict / blocking_reason,0.0,45.0,45.0,Poor,Poor,scored,scored,no_known_catalog_concern,caution,complete,complete,CAUTION,CAUTION,CAUTION,CAUTION,,,9.0,9.0,10.9,10.9,-0.0,-0.0,generic,generic,null,null,Safety concern: it contains additive or sweetener/form-factor concerns.
212977,Cognitive Focus,Nature's Way,generic,generic_botanical_branded,evidence_scope_carnitine,ALCAR/L-carnitine evidence form-scoping and the daily-dose comparator fix carried on this branch,-7.9,74.5,66.6,Acceptable,Weak,scored,scored,no_known_catalog_concern,no_known_catalog_concern,complete,complete,SAFE,SAFE,SAFE,SAFE,,,10.0,10.0,19.1,19.1,-0.0,-0.0,generic,generic,null,null,"No banned, recalled, or watchlisted ingredients."
213565,L-Carnitine Complex,GNC Total Lean,generic,generic_single_molecule,export_safety_projection,effective safety computed once and projected to product_safety_status / verdict / blocking_reason,0.0,62.3,62.3,Weak,Weak,scored,scored,no_known_catalog_concern,caution,complete,complete,CAUTION,CAUTION,CAUTION,CAUTION,,,7.0,7.0,20.0,20.0,-0.0,-0.0,generic,generic,null,null,Safety concern: it contains additive or sweetener/form-factor concerns.
213878,Acetyl L-Carnitine 500 mg,Solgar,generic,generic_single_molecule,evidence_scope_carnitine,ALCAR/L-carnitine evidence form-scoping and the daily-dose comparator fix carried on this branch,7.9,61.6,69.5,Weak,Weak,scored,scored,no_known_catalog_concern,no_known_catalog_concern,complete,complete,SAFE,SAFE,SAFE,SAFE,,,8.5,8.5,20.0,20.0,-0.0,-0.0,generic,generic,null,null,Safety concern: it contains additive or sweetener/form-factor concerns.
213912,Advanced Acetyl-L-Carnitine,Solgar,generic,generic_single_molecule,evidence_scope_carnitine,ALCAR/L-carnitine evidence form-scoping and the daily-dose comparator fix carried on this branch,-7.9,66.8,58.9,Weak,Weak,scored,scored,no_known_catalog_concern,no_known_catalog_concern,complete,complete,SAFE,SAFE,SAFE,SAFE,,,7.0,7.0,20.0,20.0,-0.0,-0.0,generic,generic,null,null,Safety concern: it contains a restricted additive and it contains additive or sweetener/form-factor concerns.
214151,Chelated Magnesium Calcium 2:1,Solgar,fiber_digestive,fiber_digestive,universal_b7_confirmed,"confirmed over-UL exposure now scored on fiber_digestive, a route that previously had no B7 path",-3.6,66.9,63.3,Weak,Weak,scored,scored,caution,caution,complete,complete,CAUTION,CAUTION,CAUTION,CAUTION,,,7.0,5.0,7.2,5.6,,-2.0,fiber_digestive,fiber_digestive,null,"{""confirmed_over_threshold"": 1}",Safety concern: it contains a restricted additive and it contains additive or sweetener/form-factor concerns and one or more supplemental amounts exceed an established upper limit.
219039,Energy & Metabolism Vanilla,GNC Mega Men,multi_or_prenatal,prenatal_multi,export_safety_projection,effective safety computed once and projected to product_safety_status / verdict / blocking_reason,0.0,52.5,52.5,Poor,Poor,scored,scored,no_known_catalog_concern,caution,complete,complete,CAUTION,CAUTION,CAUTION,CAUTION,,,6.0,6.0,13.3,13.3,-0.0,-0.0,multi_or_prenatal,multi_or_prenatal,"{""none"": 1}","{""none"": 1}",Safety concern: it contains additive or sweetener/form-factor concerns.
220238,Re-Built Mass XP Strawberry,GNC Beyond Raw,sports,sports_single,universal_b7_confirmed,"confirmed over-UL exposure now scored on sports, a route that previously had no B7 path",-1.4,58.8,57.4,Weak,Weak,scored,scored,caution,caution,complete,complete,CAUTION,CAUTION,CAUTION,CAUTION,,,6.0,4.0,16.8,15.2,,-2.0,sports,sports,null,"{""confirmed_over_threshold"": 1}",Safety concern: it contains additive or sweetener/form-factor concerns and one or more supplemental amounts exceed an established upper limit.
221076,L-Carnitine 1000 mg,GNC Total Lean,generic,generic_single_molecule,evidence_scope_carnitine,ALCAR/L-carnitine evidence form-scoping and the daily-dose comparator fix carried on this branch,1.6,68.0,69.6,Weak,Weak,scored,scored,no_known_catalog_concern,no_known_catalog_concern,complete,complete,SAFE,SAFE,SAFE,SAFE,,,8.0,8.0,20.0,20.0,-0.0,-0.0,generic,generic,null,null,Safety concern: it contains additive or sweetener/form-factor concerns.
221095,Energy & Metabolism Chocolate,GNC Women's Ultra Mega,multi_or_prenatal,prenatal_multi,export_safety_projection,effective safety computed once and projected to product_safety_status / verdict / blocking_reason,0.0,48.5,48.5,Poor,Poor,scored,scored,no_known_catalog_concern,caution,complete,complete,CAUTION,CAUTION,CAUTION,CAUTION,,,6.0,6.0,13.6,13.6,-0.0,-0.0,multi_or_prenatal,multi_or_prenatal,"{""none"": 1}","{""none"": 1}",Safety concern: it contains additive or sweetener/form-factor concerns.
221100,L-Carnitine 1000,GNC Total Lean,generic,generic_single_molecule,evidence_scope_carnitine,ALCAR/L-carnitine evidence form-scoping and the daily-dose comparator fix carried on this branch,1.6,68.0,69.6,Weak,Weak,scored,scored,no_known_catalog_concern,no_known_catalog_concern,complete,complete,SAFE,SAFE,SAFE,SAFE,,,8.0,8.0,20.0,20.0,-0.0,-0.0,generic,generic,null,null,Safety concern: it contains additive or sweetener/form-factor concerns.
221150,L-Carnitine 2 grams,GNC Beyond Raw Chemistry Labs,generic,generic_single_molecule,evidence_scope_carnitine,ALCAR/L-carnitine evidence form-scoping and the daily-dose comparator fix carried on this branch,1.6,71.6,73.2,Acceptable,Acceptable,scored,scored,no_known_catalog_concern,no_known_catalog_concern,complete,complete,SAFE,SAFE,SAFE,SAFE,,,10.0,10.0,20.0,20.0,-0.0,-0.0,generic,generic,null,null,"No banned, recalled, or watchlisted ingredients."
223349,L-Carnitine Tartrate 1000 mg,Nutricost,generic,generic_single_molecule,evidence_scope_carnitine,ALCAR/L-carnitine evidence form-scoping and the daily-dose comparator fix carried on this branch,1.6,70.7,72.3,Acceptable,Acceptable,scored,scored,no_known_catalog_concern,no_known_catalog_concern,complete,complete,SAFE,SAFE,SAFE,SAFE,,,9.5,9.5,20.0,20.0,-0.0,-0.0,generic,generic,null,null,Safety concern: it contains additive or sweetener/form-factor concerns.
2238,Apple Cider Complete,GNC Natural Brand,generic,generic_botanical_branded,export_safety_projection,effective safety computed once and projected to product_safety_status / verdict / blocking_reason,0.0,56.8,56.8,Weak,Weak,scored,scored,no_known_catalog_concern,caution,complete,complete,CAUTION,CAUTION,CAUTION,CAUTION,,,8.5,8.5,10.9,10.9,-0.0,-0.0,generic,generic,null,null,Safety concern: it contains a restricted additive and it contains additive or sweetener/form-factor concerns.
2239,Apple Cider Vinegar,GNC Natural Brand,generic,generic_botanical_branded,export_safety_projection,effective safety computed once and projected to product_safety_status / verdict / blocking_reason,0.0,58.7,58.7,Weak,Weak,scored,scored,no_known_catalog_concern,caution,complete,complete,CAUTION,CAUTION,CAUTION,CAUTION,,,10.0,10.0,10.9,10.9,-0.0,-0.0,generic,generic,null,null,"No banned, recalled, or watchlisted ingredients."
227837,Acetyl L-Carnitine 500 mg,GNC,generic,generic_single_molecule,evidence_scope_carnitine,ALCAR/L-carnitine evidence form-scoping and the daily-dose comparator fix carried on this branch,-6.3,68.9,62.6,Weak,Weak,scored,scored,no_known_catalog_concern,no_known_catalog_concern,complete,complete,SAFE,SAFE,SAFE,SAFE,,,8.5,8.5,20.0,20.0,-0.0,-0.0,generic,generic,null,null,Safety concern: it contains additive or sweetener/form-factor concerns.
227864,L-Carnitine 500 mg,GNC,generic,generic_single_molecule,evidence_scope_carnitine,ALCAR/L-carnitine evidence form-scoping and the daily-dose comparator fix carried on this branch,1.6,61.0,62.6,Weak,Weak,scored,scored,no_known_catalog_concern,no_known_catalog_concern,complete,complete,SAFE,SAFE,SAFE,SAFE,,,8.5,8.5,20.0,20.0,-0.0,-0.0,generic,generic,null,null,Safety concern: it contains additive or sweetener/form-factor concerns.
227866,L-Carnitine 500 mg,GNC,generic,generic_single_molecule,evidence_scope_carnitine,ALCAR/L-carnitine evidence form-scoping and the daily-dose comparator fix carried on this branch,1.6,61.0,62.6,Weak,Weak,scored,scored,no_known_catalog_concern,no_known_catalog_concern,complete,complete,SAFE,SAFE,SAFE,SAFE,,,8.5,8.5,20.0,20.0,-0.0,-0.0,generic,generic,null,null,Safety concern: it contains additive or sweetener/form-factor concerns.
228068,Decaf Thermo Igniter 12X,GNC AMP Advanced Muscle Performance,generic,generic_botanical_branded,export_safety_projection,effective safety computed once and projected to product_safety_status / verdict / blocking_reason,0.0,51.0,51.0,Poor,Poor,scored,scored,no_known_catalog_concern,caution,complete,complete,CAUTION,CAUTION,CAUTION,CAUTION,,,5.0,5.0,10.9,10.9,-0.0,-0.0,generic,generic,null,null,Safety concern: it contains a restricted additive and it contains additive or sweetener/form-factor concerns.
228860,Garcinia Cambogia Soft Chew Berry Punch,GNC Total Lean,generic,generic_botanical_branded,export_safety_projection,effective safety computed once and projected to product_safety_status / verdict / blocking_reason,0.0,48.3,48.3,Poor,Poor,scored,scored,no_known_catalog_concern,caution,complete,complete,CAUTION,CAUTION,CAUTION,CAUTION,,,6.0,6.0,10.9,10.9,-0.0,-0.0,generic,generic,null,null,Safety concern: it contains additive or sweetener/form-factor concerns.
228893,L-Carnitine 1000,GNC Total Lean,generic,generic_single_molecule,evidence_scope_carnitine,ALCAR/L-carnitine evidence form-scoping and the daily-dose comparator fix carried on this branch,1.6,68.0,69.6,Weak,Weak,scored,scored,no_known_catalog_concern,no_known_catalog_concern,complete,complete,SAFE,SAFE,SAFE,SAFE,,,8.0,8.0,20.0,20.0,-0.0,-0.0,generic,generic,null,null,Safety concern: it contains additive or sweetener/form-factor concerns.
229379,L-Carnitine,GNC Women's,generic,generic_single_molecule,evidence_scope_carnitine,ALCAR/L-carnitine evidence form-scoping and the daily-dose comparator fix carried on this branch,1.6,61.0,62.6,Weak,Weak,scored,scored,no_known_catalog_concern,no_known_catalog_concern,complete,complete,SAFE,SAFE,SAFE,SAFE,,,8.5,8.5,20.0,20.0,-0.0,-0.0,generic,generic,null,null,Safety concern: it contains additive or sweetener/form-factor concerns.
231960,L-Carnitine 500 mg,Life Extension,generic,generic_single_molecule,evidence_scope_carnitine,ALCAR/L-carnitine evidence form-scoping and the daily-dose comparator fix carried on this branch,1.6,63.3,64.9,Weak,Weak,scored,scored,no_known_catalog_concern,no_known_catalog_concern,complete,complete,SAFE,SAFE,SAFE,SAFE,,,9.5,9.5,20.0,20.0,-0.0,-0.0,generic,generic,null,null,Safety concern: it contains additive or sweetener/form-factor concerns.
232012,Garcinia HCA,Life Extension,generic,generic_botanical_branded,export_safety_projection,effective safety computed once and projected to product_safety_status / verdict / blocking_reason,0.0,46.1,46.1,Poor,Poor,scored,scored,no_known_catalog_concern,caution,complete,complete,CAUTION,CAUTION,CAUTION,CAUTION,,,9.5,9.5,10.9,10.9,-0.0,-0.0,generic,generic,null,null,Safety concern: it contains additive or sweetener/form-factor concerns.
232618,Acetyl-L-Carnitine Arginate,Life Extension,generic,generic_single_molecule,evidence_scope_carnitine,ALCAR/L-carnitine evidence form-scoping and the daily-dose comparator fix carried on this branch,-7.9,71.1,63.2,Acceptable,Weak,scored,scored,no_known_catalog_concern,no_known_catalog_concern,complete,complete,SAFE,SAFE,SAFE,SAFE,,,9.0,9.0,20.0,20.0,-0.0,-0.0,generic,generic,null,null,Safety concern: it contains additive or sweetener/form-factor concerns.
239047,Garcinia Cambogia & Coconut Oil,Nature's Bounty,generic,generic_single_molecule,export_safety_projection,effective safety computed once and projected to product_safety_status / verdict / blocking_reason,0.0,53.2,53.2,Poor,Poor,scored,scored,no_known_catalog_concern,caution,complete,complete,CAUTION,CAUTION,CAUTION,CAUTION,,,10.0,10.0,15.2,15.2,-0.0,-0.0,generic,generic,null,null,"No banned, recalled, or watchlisted ingredients."
239103,L-Carnitine 500 mg,Nature's Bounty,generic,generic_single_molecule,evidence_scope_carnitine,ALCAR/L-carnitine evidence form-scoping and the daily-dose comparator fix carried on this branch,9.5,60.1,69.6,Weak,Weak,scored,scored,no_known_catalog_concern,no_known_catalog_concern,complete,complete,SAFE,SAFE,SAFE,SAFE,,,8.0,8.0,20.0,20.0,-0.0,-0.0,generic,generic,null,null,Safety concern: it contains additive or sweetener/form-factor concerns.
241130,L-Carnitine 500 mg,Solgar,generic,generic_single_molecule,evidence_scope_carnitine,ALCAR/L-carnitine evidence form-scoping and the daily-dose comparator fix carried on this branch,3.2,64.4,67.6,Weak,Weak,scored,scored,no_known_catalog_concern,no_known_catalog_concern,complete,complete,SAFE,SAFE,SAFE,SAFE,,,7.0,7.0,20.0,20.0,-0.0,-0.0,generic,generic,null,null,Safety concern: it contains a restricted additive and it contains additive or sweetener/form-factor concerns.
241766,Elderberry Zinc and Vitamin C,Double Wood Supplements,generic,immune_support,penalty_registry_mirror,registry changed which penalties mirror into the Formula & quality checks pillar,-2.2,64.8,62.6,Weak,Weak,scored,scored,no_known_catalog_concern,no_known_catalog_concern,complete,complete,SAFE,SAFE,SAFE,SAFE,,,9.5,7.5,9.6,8.0,-0.0,-0.0,generic,generic,"{""none"": 1}","{""none"": 1}",Safety concern: it contains additive or sweetener/form-factor concerns and one or more dose-safety checks require attention.
242232,Garcinia Cambogia 500 mg,SR Sports Research,generic,generic_single_molecule,export_safety_projection,effective safety computed once and projected to product_safety_status / verdict / blocking_reason,0.0,43.6,43.6,Poor,Poor,scored,scored,no_known_catalog_concern,caution,complete,complete,CAUTION,CAUTION,CAUTION,CAUTION,,,10.0,10.0,14.5,14.5,-0.0,-0.0,generic,generic,null,null,"No banned, recalled, or watchlisted ingredients."
242991,Wheybolic Ripped Chocolate Peanut Butter,GNC AMP Advanced Muscle Performance,sports,sports_single,penalty_registry_mirror,registry changed which penalties mirror into the Formula & quality checks pillar,0.0,65.0,65.0,Weak,Weak,scored,scored,no_known_catalog_concern,no_known_catalog_concern,complete,complete,SAFE,SAFE,SAFE,SAFE,,,5.3,6.0,17.6,20.0,,-0.0,sports,sports,null,null,Safety concern: it contains additive or sweetener/form-factor concerns.
243081,Wheybolic Ripped Strawberries and Cream,GNC AMP Advanced Muscle Performance,sports,sports_single,penalty_registry_mirror,registry changed which penalties mirror into the Formula & quality checks pillar,0.0,65.0,65.0,Weak,Weak,scored,scored,no_known_catalog_concern,no_known_catalog_concern,complete,complete,SAFE,SAFE,SAFE,SAFE,,,5.3,6.0,17.6,20.0,,-0.0,sports,sports,null,null,Safety concern: it contains additive or sweetener/form-factor concerns.
243089,Wheybolic Ripped Chocolate Peanut Butter,GNC AMP Advanced Muscle Performance,sports,sports_single,penalty_registry_mirror,registry changed which penalties mirror into the Formula & quality checks pillar,0.0,65.0,65.0,Weak,Weak,scored,scored,no_known_catalog_concern,no_known_catalog_concern,complete,complete,SAFE,SAFE,SAFE,SAFE,,,5.3,6.0,17.6,20.0,,-0.0,sports,sports,null,"{""none"": 1}",Safety concern: it contains additive or sweetener/form-factor concerns.
243133,Wheybolic Ripped Chocolate Fudge,GNC AMP Advanced Muscle Performance,sports,sports_single,penalty_registry_mirror,registry changed which penalties mirror into the Formula & quality checks pillar,0.0,65.0,65.0,Weak,Weak,scored,scored,no_known_catalog_concern,no_known_catalog_concern,complete,complete,SAFE,SAFE,SAFE,SAFE,,,5.3,6.0,17.6,20.0,,-0.0,sports,sports,null,null,Safety concern: it contains additive or sweetener/form-factor concerns.
243254,Wheybolic Ripped Strawberries and Cream,GNC AMP Advanced Muscle Performance,sports,sports_single,penalty_registry_mirror,registry changed which penalties mirror into the Formula & quality checks pillar,0.0,65.0,65.0,Weak,Weak,scored,scored,no_known_catalog_concern,no_known_catalog_concern,complete,complete,SAFE,SAFE,SAFE,SAFE,,,5.3,6.0,17.6,20.0,,-0.0,sports,sports,null,null,Safety concern: it contains additive or sweetener/form-factor concerns.
243265,Wheybolic Ripped Classic Vanilla,GNC AMP Advanced Muscle Performance,sports,sports_single,penalty_registry_mirror,registry changed which penalties mirror into the Formula & quality checks pillar,0.0,65.0,65.0,Weak,Weak,scored,scored,no_known_catalog_concern,no_known_catalog_concern,complete,complete,SAFE,SAFE,SAFE,SAFE,,,5.3,6.0,17.6,20.0,,-0.0,sports,sports,null,null,Safety concern: it contains additive or sweetener/form-factor concerns.
243275,Wheybolic Ripped Chocolate Fudge,GNC AMP Advanced Muscle Performance,sports,sports_single,penalty_registry_mirror,registry changed which penalties mirror into the Formula & quality checks pillar,0.0,65.0,65.0,Weak,Weak,scored,scored,no_known_catalog_concern,no_known_catalog_concern,complete,complete,SAFE,SAFE,SAFE,SAFE,,,5.3,6.0,17.6,20.0,,-0.0,sports,sports,null,null,Safety concern: it contains additive or sweetener/form-factor concerns.
244298,Re-Built Mass XP Strawberry,GNC Beyond Raw,sports,sports_single,universal_b7_confirmed,"confirmed over-UL exposure now scored on sports, a route that previously had no B7 path",-1.4,62.7,61.3,Weak,Weak,scored,scored,caution,caution,complete,complete,CAUTION,CAUTION,CAUTION,CAUTION,,,6.0,4.0,16.8,15.2,,-2.0,sports,sports,null,"{""confirmed_over_threshold"": 1}",Safety concern: it contains additive or sweetener/form-factor concerns and one or more supplemental amounts exceed an established upper limit.
25160,Best Carnitine Energy,Doctor's Best,generic,generic_single_molecule,evidence_scope_carnitine,ALCAR/L-carnitine evidence form-scoping and the daily-dose comparator fix carried on this branch,3.2,63.4,66.6,Weak,Weak,scored,scored,no_known_catalog_concern,no_known_catalog_concern,complete,complete,SAFE,SAFE,SAFE,SAFE,,,8.0,8.0,20.0,20.0,-0.0,-0.0,generic,generic,null,null,Safety concern: it contains additive or sweetener/form-factor concerns.
251622,L-Carnitine 500 mg,Nature's Way,generic,generic_single_molecule,evidence_scope_carnitine,ALCAR/L-carnitine evidence form-scoping and the daily-dose comparator fix carried on this branch,11.1,61.2,72.3,Weak,Acceptable,scored,scored,no_known_catalog_concern,no_known_catalog_concern,complete,complete,SAFE,SAFE,SAFE,SAFE,,,9.5,9.5,20.0,20.0,-0.0,-0.0,generic,generic,null,null,Safety concern: it contains additive or sweetener/form-factor concerns.
252413,Garcinia Cambogia Extract,BulkSupplements.com,generic,generic_botanical_branded,export_safety_projection,effective safety computed once and projected to product_safety_status / verdict / blocking_reason,0.0,43.5,43.5,Poor,Poor,scored,scored,no_known_catalog_concern,caution,complete,complete,CAUTION,CAUTION,CAUTION,CAUTION,,,10.0,10.0,10.9,10.9,-0.0,-0.0,generic,generic,null,null,"No banned, recalled, or watchlisted ingredients."
252415,Garcinia Cambogia (60% HCA) 500 mg,BulkSupplements.com,generic,generic_botanical_branded,export_safety_projection,effective safety computed once and projected to product_safety_status / verdict / blocking_reason,0.0,43.5,43.5,Poor,Poor,scored,scored,no_known_catalog_concern,caution,complete,complete,CAUTION,CAUTION,CAUTION,CAUTION,,,10.0,10.0,10.9,10.9,-0.0,-0.0,generic,generic,null,null,"No banned, recalled, or watchlisted ingredients."
252418,Garcinia Cambogia 50% HCA,BulkSupplements.com,generic,generic_botanical_branded,export_safety_projection,effective safety computed once and projected to product_safety_status / verdict / blocking_reason,0.0,43.5,43.5,Poor,Poor,scored,scored,no_known_catalog_concern,caution,complete,complete,CAUTION,CAUTION,CAUTION,CAUTION,,,10.0,10.0,10.9,10.9,-0.0,-0.0,generic,generic,null,null,"No banned, recalled, or watchlisted ingredients."
252576,L-Carnitine L-Tartrate,BulkSupplements.com,generic,generic_single_molecule,evidence_scope_carnitine,ALCAR/L-carnitine evidence form-scoping and the daily-dose comparator fix carried on this branch,9.5,65.7,75.2,Weak,Acceptable,scored,scored,no_known_catalog_concern,no_known_catalog_concern,complete,complete,SAFE,SAFE,SAFE,SAFE,,,10.0,10.0,20.0,20.0,-0.0,-0.0,generic,generic,null,null,"No banned, recalled, or watchlisted ingredients."
252601,ALCAR (Acetyl L-Carnitine) 600 mg,BulkSupplements.com,generic,generic_single_molecule,evidence_scope_carnitine,ALCAR/L-carnitine evidence form-scoping and the daily-dose comparator fix carried on this branch,1.6,68.6,70.2,Weak,Acceptable,scored,scored,no_known_catalog_concern,no_known_catalog_concern,complete,complete,SAFE,SAFE,SAFE,SAFE,,,10.0,10.0,20.0,20.0,-0.0,-0.0,generic,generic,null,null,"No banned, recalled, or watchlisted ingredients."
252609,L-Carnitine Fumarate,BulkSupplements.com,generic,generic_single_molecule,evidence_scope_carnitine,ALCAR/L-carnitine evidence form-scoping and the daily-dose comparator fix carried on this branch,4.0,57.4,61.4,Weak,Weak,scored,scored,no_known_catalog_concern,no_known_catalog_concern,complete,complete,SAFE,SAFE,SAFE,SAFE,,,10.0,10.0,20.0,20.0,-0.0,-0.0,generic,generic,null,null,"No banned, recalled, or watchlisted ingredients."
252611,L-Carnitine HCl,BulkSupplements.com,generic,generic_single_molecule,evidence_scope_carnitine,ALCAR/L-carnitine evidence form-scoping and the daily-dose comparator fix carried on this branch,3.2,63.2,66.4,Weak,Weak,scored,scored,no_known_catalog_concern,no_known_catalog_concern,complete,complete,SAFE,SAFE,SAFE,SAFE,,,10.0,10.0,20.0,20.0,-0.0,-0.0,generic,generic,null,null,"No banned, recalled, or watchlisted ingredients."
252617,L-Carnitine,BulkSupplements.com,generic,generic_single_molecule,evidence_scope_carnitine,ALCAR/L-carnitine evidence form-scoping and the daily-dose comparator fix carried on this branch,11.1,64.1,75.2,Weak,Acceptable,scored,scored,no_known_catalog_concern,no_known_catalog_concern,complete,complete,SAFE,SAFE,SAFE,SAFE,,,10.0,10.0,20.0,20.0,-0.0,-0.0,generic,generic,null,null,"No banned, recalled, or watchlisted ingredients."
253273,Garcinia Cambogia Extract,BulkSupplements.com,generic,generic_botanical_branded,export_safety_projection,effective safety computed once and projected to product_safety_status / verdict / blocking_reason,0.0,43.5,43.5,Poor,Poor,scored,scored,no_known_catalog_concern,caution,complete,complete,CAUTION,CAUTION,CAUTION,CAUTION,,,10.0,10.0,10.9,10.9,-0.0,-0.0,generic,generic,null,null,"No banned, recalled, or watchlisted ingredients."
253275,Garcinia Cambogia Extract,BulkSupplements.com,generic,generic_botanical_branded,export_safety_projection,effective safety computed once and projected to product_safety_status / verdict / blocking_reason,0.0,43.5,43.5,Poor,Poor,scored,scored,no_known_catalog_concern,caution,complete,complete,CAUTION,CAUTION,CAUTION,CAUTION,,,10.0,10.0,10.9,10.9,-0.0,-0.0,generic,generic,null,null,"No banned, recalled, or watchlisted ingredients."
253276,Garcinia Cambogia Extract,BulkSupplements.com,generic,generic_botanical_branded,export_safety_projection,effective safety computed once and projected to product_safety_status / verdict / blocking_reason,0.0,43.5,43.5,Poor,Poor,scored,scored,no_known_catalog_concern,caution,complete,complete,CAUTION,CAUTION,CAUTION,CAUTION,,,10.0,10.0,10.9,10.9,-0.0,-0.0,generic,generic,null,null,"No banned, recalled, or watchlisted ingredients."
253277,Garcinia Cambogia 50% HCA,BulkSupplements.com,generic,generic_botanical_branded,export_safety_projection,effective safety computed once and projected to product_safety_status / verdict / blocking_reason,0.0,43.5,43.5,Poor,Poor,scored,scored,no_known_catalog_concern,caution,complete,complete,CAUTION,CAUTION,CAUTION,CAUTION,,,10.0,10.0,10.9,10.9,-0.0,-0.0,generic,generic,null,null,"No banned, recalled, or watchlisted ingredients."
253278,Garcinia Cambogia 50% HCA,BulkSupplements.com,generic,generic_botanical_branded,export_safety_projection,effective safety computed once and projected to product_safety_status / verdict / blocking_reason,0.0,43.5,43.5,Poor,Poor,scored,scored,no_known_catalog_concern,caution,complete,complete,CAUTION,CAUTION,CAUTION,CAUTION,,,10.0,10.0,10.9,10.9,-0.0,-0.0,generic,generic,null,null,"No banned, recalled, or watchlisted ingredients."
253279,Garcinia Cambogia 50% HCA,BulkSupplements.com,generic,generic_botanical_branded,export_safety_projection,effective safety computed once and projected to product_safety_status / verdict / blocking_reason,0.0,43.5,43.5,Poor,Poor,scored,scored,no_known_catalog_concern,caution,complete,complete,CAUTION,CAUTION,CAUTION,CAUTION,,,10.0,10.0,10.9,10.9,-0.0,-0.0,generic,generic,null,null,"No banned, recalled, or watchlisted ingredients."
253303,Garcinia Cambogia (60% HCA) 500 mg,BulkSupplements.com,generic,generic_botanical_branded,export_safety_projection,effective safety computed once and projected to product_safety_status / verdict / blocking_reason,0.0,43.5,43.5,Poor,Poor,scored,scored,no_known_catalog_concern,caution,complete,complete,CAUTION,CAUTION,CAUTION,CAUTION,,,10.0,10.0,10.9,10.9,-0.0,-0.0,generic,generic,null,null,"No banned, recalled, or watchlisted ingredients."
253311,Garcinia Cambogia 50% HCA,BulkSupplements.com,generic,generic_botanical_branded,export_safety_projection,effective safety computed once and projected to product_safety_status / verdict / blocking_reason,0.0,43.5,43.5,Poor,Poor,scored,scored,no_known_catalog_concern,caution,complete,complete,CAUTION,CAUTION,CAUTION,CAUTION,,,10.0,10.0,10.9,10.9,-0.0,-0.0,generic,generic,null,null,"No banned, recalled, or watchlisted ingredients."
253318,Garcinia Cambogia (60% HCA),BulkSupplements.com,generic,generic_botanical_branded,export_safety_projection,effective safety computed once and projected to product_safety_status / verdict / blocking_reason,0.0,43.5,43.5,Poor,Poor,scored,scored,no_known_catalog_concern,caution,complete,complete,CAUTION,CAUTION,CAUTION,CAUTION,,,10.0,10.0,10.9,10.9,-0.0,-0.0,generic,generic,null,null,"No banned, recalled, or watchlisted ingredients."
253323,Garcinia Cambogia (60% HCA) 500 mg,BulkSupplements.com,generic,generic_botanical_branded,export_safety_projection,effective safety computed once and projected to product_safety_status / verdict / blocking_reason,0.0,43.5,43.5,Poor,Poor,scored,scored,no_known_catalog_concern,caution,complete,complete,CAUTION,CAUTION,CAUTION,CAUTION,,,10.0,10.0,10.9,10.9,-0.0,-0.0,generic,generic,null,null,"No banned, recalled, or watchlisted ingredients."
253517,ALCAR (Acetyl L-Carnitine) 600 mg,BulkSupplements.com,generic,generic_single_molecule,evidence_scope_carnitine,ALCAR/L-carnitine evidence form-scoping and the daily-dose comparator fix carried on this branch,1.6,68.6,70.2,Weak,Acceptable,scored,scored,no_known_catalog_concern,no_known_catalog_concern,complete,complete,SAFE,SAFE,SAFE,SAFE,,,10.0,10.0,20.0,20.0,-0.0,-0.0,generic,generic,null,null,"No banned, recalled, or watchlisted ingredients."
253523,ALCAR (Acetyl L-Carnitine) 600 mg,BulkSupplements.com,generic,generic_single_molecule,evidence_scope_carnitine,ALCAR/L-carnitine evidence form-scoping and the daily-dose comparator fix carried on this branch,1.6,68.6,70.2,Weak,Acceptable,scored,scored,no_known_catalog_concern,no_known_catalog_concern,complete,complete,SAFE,SAFE,SAFE,SAFE,,,10.0,10.0,20.0,20.0,-0.0,-0.0,generic,generic,null,null,"No banned, recalled, or watchlisted ingredients."
253560,ALCAR (Acetyl L-Carnitine) 600 mg,BulkSupplements.com,generic,generic_single_molecule,evidence_scope_carnitine,ALCAR/L-carnitine evidence form-scoping and the daily-dose comparator fix carried on this branch,1.6,68.6,70.2,Weak,Acceptable,scored,scored,no_known_catalog_concern,no_known_catalog_concern,complete,complete,SAFE,SAFE,SAFE,SAFE,,,10.0,10.0,20.0,20.0,-0.0,-0.0,generic,generic,null,null,"No banned, recalled, or watchlisted ingredients."
253858,L-Carnitine L-Tartrate,BulkSupplements.com,generic,generic_single_molecule,evidence_scope_carnitine,ALCAR/L-carnitine evidence form-scoping and the daily-dose comparator fix carried on this branch,9.5,65.7,75.2,Weak,Acceptable,scored,scored,no_known_catalog_concern,no_known_catalog_concern,complete,complete,SAFE,SAFE,SAFE,SAFE,,,10.0,10.0,20.0,20.0,-0.0,-0.0,generic,generic,null,null,"No banned, recalled, or watchlisted ingredients."
253864,L-Carnitine L-Tartrate,BulkSupplements.com,generic,generic_single_molecule,evidence_scope_carnitine,ALCAR/L-carnitine evidence form-scoping and the daily-dose comparator fix carried on this branch,9.5,65.7,75.2,Weak,Acceptable,scored,scored,no_known_catalog_concern,no_known_catalog_concern,complete,complete,SAFE,SAFE,SAFE,SAFE,,,10.0,10.0,20.0,20.0,-0.0,-0.0,generic,generic,null,null,"No banned, recalled, or watchlisted ingredients."
253873,L-Carnitine L-Tartrate,BulkSupplements.com,generic,generic_single_molecule,evidence_scope_carnitine,ALCAR/L-carnitine evidence form-scoping and the daily-dose comparator fix carried on this branch,9.5,65.7,75.2,Weak,Acceptable,scored,scored,no_known_catalog_concern,no_known_catalog_concern,complete,complete,SAFE,SAFE,SAFE,SAFE,,,10.0,10.0,20.0,20.0,-0.0,-0.0,generic,generic,null,null,"No banned, recalled, or watchlisted ingredients."
254081,L-Carnitine Fumarate,BulkSupplements.com,generic,generic_single_molecule,evidence_scope_carnitine,ALCAR/L-carnitine evidence form-scoping and the daily-dose comparator fix carried on this branch,4.0,57.4,61.4,Weak,Weak,scored,scored,no_known_catalog_concern,no_known_catalog_concern,complete,complete,SAFE,SAFE,SAFE,SAFE,,,10.0,10.0,20.0,20.0,-0.0,-0.0,generic,generic,null,null,"No banned, recalled, or watchlisted ingredients."
254083,L-Carnitine Fumarate,BulkSupplements.com,generic,generic_single_molecule,evidence_scope_carnitine,ALCAR/L-carnitine evidence form-scoping and the daily-dose comparator fix carried on this branch,4.0,57.4,61.4,Weak,Weak,scored,scored,no_known_catalog_concern,no_known_catalog_concern,complete,complete,SAFE,SAFE,SAFE,SAFE,,,10.0,10.0,20.0,20.0,-0.0,-0.0,generic,generic,null,null,"No banned, recalled, or watchlisted ingredients."
254098,L-Carnitine Fumarate,BulkSupplements.com,generic,generic_single_molecule,evidence_scope_carnitine,ALCAR/L-carnitine evidence form-scoping and the daily-dose comparator fix carried on this branch,4.0,57.4,61.4,Weak,Weak,scored,scored,no_known_catalog_concern,no_known_catalog_concern,complete,complete,SAFE,SAFE,SAFE,SAFE,,,10.0,10.0,20.0,20.0,-0.0,-0.0,generic,generic,null,null,"No banned, recalled, or watchlisted ingredients."
254126,L-Carnitine HCL,BulkSupplements.com,generic,generic_single_molecule,evidence_scope_carnitine,ALCAR/L-carnitine evidence form-scoping and the daily-dose comparator fix carried on this branch,3.2,63.2,66.4,Weak,Weak,scored,scored,no_known_catalog_concern,no_known_catalog_concern,complete,complete,SAFE,SAFE,SAFE,SAFE,,,10.0,10.0,20.0,20.0,-0.0,-0.0,generic,generic,null,null,"No banned, recalled, or watchlisted ingredients."
254129,L-Carnitine HCL,BulkSupplements.com,generic,generic_single_molecule,evidence_scope_carnitine,ALCAR/L-carnitine evidence form-scoping and the daily-dose comparator fix carried on this branch,3.2,63.2,66.4,Weak,Weak,scored,scored,no_known_catalog_concern,no_known_catalog_concern,complete,complete,SAFE,SAFE,SAFE,SAFE,,,10.0,10.0,20.0,20.0,-0.0,-0.0,generic,generic,null,null,"No banned, recalled, or watchlisted ingredients."
254131,L-Carnitine HCL,BulkSupplements.com,generic,generic_single_molecule,evidence_scope_carnitine,ALCAR/L-carnitine evidence form-scoping and the daily-dose comparator fix carried on this branch,3.2,63.2,66.4,Weak,Weak,scored,scored,no_known_catalog_concern,no_known_catalog_concern,complete,complete,SAFE,SAFE,SAFE,SAFE,,,10.0,10.0,20.0,20.0,-0.0,-0.0,generic,generic,null,null,"No banned, recalled, or watchlisted ingredients."
254133,L-Carnitine,BulkSupplements.com,generic,generic_single_molecule,evidence_scope_carnitine,ALCAR/L-carnitine evidence form-scoping and the daily-dose comparator fix carried on this branch,11.1,64.1,75.2,Weak,Acceptable,scored,scored,no_known_catalog_concern,no_known_catalog_concern,complete,complete,SAFE,SAFE,SAFE,SAFE,,,10.0,10.0,20.0,20.0,-0.0,-0.0,generic,generic,null,null,"No banned, recalled, or watchlisted ingredients."
254135,L-Carnitine,BulkSupplements.com,generic,generic_single_molecule,evidence_scope_carnitine,ALCAR/L-carnitine evidence form-scoping and the daily-dose comparator fix carried on this branch,11.1,64.1,75.2,Weak,Acceptable,scored,scored,no_known_catalog_concern,no_known_catalog_concern,complete,complete,SAFE,SAFE,SAFE,SAFE,,,10.0,10.0,20.0,20.0,-0.0,-0.0,generic,generic,null,null,"No banned, recalled, or watchlisted ingredients."
254137,L-Carnitine,BulkSupplements.com,generic,generic_single_molecule,evidence_scope_carnitine,ALCAR/L-carnitine evidence form-scoping and the daily-dose comparator fix carried on this branch,11.1,64.1,75.2,Weak,Acceptable,scored,scored,no_known_catalog_concern,no_known_catalog_concern,complete,complete,SAFE,SAFE,SAFE,SAFE,,,10.0,10.0,20.0,20.0,-0.0,-0.0,generic,generic,null,null,"No banned, recalled, or watchlisted ingredients."
259631,L-Carnitine 1000 Tropical Punch,GNC Pro Performance,generic,generic_single_molecule,evidence_scope_carnitine,ALCAR/L-carnitine evidence form-scoping and the daily-dose comparator fix carried on this branch,-1.6,68.6,67.0,Weak,Weak,scored,scored,no_known_catalog_concern,no_known_catalog_concern,complete,complete,SAFE,SAFE,SAFE,SAFE,,,9.5,9.5,18.7,18.7,-0.0,-0.0,generic,generic,null,null,Safety concern: it contains additive or sweetener/form-factor concerns.
266815,L-Carnitine Tartrate 1 g Unflavored,Nutricost,generic,generic_single_molecule,evidence_scope_carnitine,ALCAR/L-carnitine evidence form-scoping and the daily-dose comparator fix carried on this branch,1.6,71.6,73.2,Acceptable,Acceptable,scored,scored,no_known_catalog_concern,no_known_catalog_concern,complete,complete,SAFE,SAFE,SAFE,SAFE,,,10.0,10.0,20.0,20.0,-0.0,-0.0,generic,generic,null,null,"No banned, recalled, or watchlisted ingredients."
267344,Quercetin Immune+,Garden of Life Dr. Formulated,generic,immune_support,penalty_registry_mirror,registry changed which penalties mirror into the Formula & quality checks pillar,-1.3,47.3,46.0,Poor,Poor,scored,scored,caution,caution,complete,complete,CAUTION,CAUTION,CAUTION,CAUTION,,,5.5,4.5,2.6,1.0,-2.0,-2.0,generic,generic,"{""confirmed_over_threshold"": 1}","{""confirmed_over_threshold"": 1}",Safety concern: it contains additive or sweetener/form-factor concerns and one or more supplemental amounts exceed an established upper limit.
269631,Astaxanthin with AstaReal 6 mg,Doctor's Best,generic,generic_botanical_branded,penalty_registry_mirror,registry changed which penalties mirror into the Formula & quality checks pillar,0.0,85.0,85.0,Strong,Strong,scored,scored,no_known_catalog_concern,no_known_catalog_concern,complete,complete,SAFE,SAFE,SAFE,SAFE,,,9.6,10.0,18.4,19.1,-0.0,-0.0,generic,generic,null,null,"No banned, recalled, or watchlisted ingredients."
269659,Astaxanthin with AstaReal 6 mg,Doctor's Best,generic,generic_botanical_branded,penalty_registry_mirror,registry changed which penalties mirror into the Formula & quality checks pillar,0.0,85.0,85.0,Strong,Strong,scored,scored,no_known_catalog_concern,no_known_catalog_concern,complete,complete,SAFE,SAFE,SAFE,SAFE,,,9.6,10.0,18.4,19.1,-0.0,-0.0,generic,generic,null,null,"No banned, recalled, or watchlisted ingredients."
269952,Acetyl L-Carnitine 1 g Unflavored,Nutricost,generic,generic_single_molecule,evidence_scope_carnitine,ALCAR/L-carnitine evidence form-scoping and the daily-dose comparator fix carried on this branch,1.6,71.6,73.2,Acceptable,Acceptable,scored,scored,no_known_catalog_concern,no_known_catalog_concern,complete,complete,SAFE,SAFE,SAFE,SAFE,,,10.0,10.0,20.0,20.0,-0.0,-0.0,generic,generic,null,null,"No banned, recalled, or watchlisted ingredients."
273823,Perfect Cleanse Remove,Garden of Life,fiber_digestive,fiber_digestive,universal_b7_confirmed,"confirmed over-UL exposure now scored on fiber_digestive, a route that previously had no B7 path",-3.6,57.0,53.4,Weak,Poor,scored,scored,caution,caution,complete,complete,CAUTION,CAUTION,CAUTION,CAUTION,,,10.0,8.0,7.2,5.6,,-2.0,fiber_digestive,fiber_digestive,null,"{""confirmed_over_threshold"": 1}",Safety concern: one or more supplemental amounts exceed an established upper limit.
27461,Carnitine 500,GNC Mega Men,generic,generic_single_molecule,evidence_scope_carnitine,ALCAR/L-carnitine evidence form-scoping and the daily-dose comparator fix carried on this branch,1.6,62.2,63.8,Weak,Weak,scored,scored,no_known_catalog_concern,no_known_catalog_concern,complete,complete,SAFE,SAFE,SAFE,SAFE,,,10.0,10.0,20.0,20.0,-0.0,-0.0,generic,generic,null,null,"No banned, recalled, or watchlisted ingredients."
284202,Acetyl-L-Carnitine 500 mg,Thorne,generic,generic_single_molecule,evidence_scope_carnitine,ALCAR/L-carnitine evidence form-scoping and the daily-dose comparator fix carried on this branch,7.9,69.5,77.4,Weak,Acceptable,scored,scored,no_known_catalog_concern,no_known_catalog_concern,complete,complete,SAFE,SAFE,SAFE,SAFE,,,9.0,9.0,20.0,20.0,-0.0,-0.0,generic,generic,null,null,Safety concern: it contains additive or sweetener/form-factor concerns.
293876,Acetyl-L-Carnitine 250 mg,Pure Encapsulations,generic,generic_single_molecule,evidence_scope_carnitine,ALCAR/L-carnitine evidence form-scoping and the daily-dose comparator fix carried on this branch,-6.3,71.6,65.3,Acceptable,Weak,scored,scored,no_known_catalog_concern,no_known_catalog_concern,complete,complete,SAFE,SAFE,SAFE,SAFE,,,10.0,10.0,20.0,20.0,-0.0,-0.0,generic,generic,null,null,"No banned, recalled, or watchlisted ingredients."
293877,Acetyl-L-Carnitine 500 mg,Pure Encapsulations,generic,generic_single_molecule,evidence_scope_carnitine,ALCAR/L-carnitine evidence form-scoping and the daily-dose comparator fix carried on this branch,1.6,71.6,73.2,Acceptable,Acceptable,scored,scored,no_known_catalog_concern,no_known_catalog_concern,complete,complete,SAFE,SAFE,SAFE,SAFE,,,10.0,10.0,20.0,20.0,-0.0,-0.0,generic,generic,null,null,"No banned, recalled, or watchlisted ingredients."
293992,L-Carnitine,Pure Encapsulations,generic,generic_single_molecule,evidence_scope_carnitine,ALCAR/L-carnitine evidence form-scoping and the daily-dose comparator fix carried on this branch,9.5,63.7,73.2,Weak,Acceptable,scored,scored,no_known_catalog_concern,no_known_catalog_concern,complete,complete,SAFE,SAFE,SAFE,SAFE,,,10.0,10.0,20.0,20.0,-0.0,-0.0,generic,generic,null,null,"No banned, recalled, or watchlisted ingredients."
293993,L-Carnitine Fumarate,Pure Encapsulations,generic,generic_single_molecule,evidence_scope_carnitine,ALCAR/L-carnitine evidence form-scoping and the daily-dose comparator fix carried on this branch,4.0,60.4,64.4,Weak,Weak,scored,scored,no_known_catalog_concern,no_known_catalog_concern,complete,complete,SAFE,SAFE,SAFE,SAFE,,,10.0,10.0,20.0,20.0,-0.0,-0.0,generic,generic,null,null,"No banned, recalled, or watchlisted ingredients."
294029,MotilPro,Pure Encapsulations,generic,generic_botanical_branded,evidence_scope_carnitine,ALCAR/L-carnitine evidence form-scoping and the daily-dose comparator fix carried on this branch,1.3,63.1,64.4,Weak,Weak,scored,scored,no_known_catalog_concern,no_known_catalog_concern,complete,complete,SAFE,SAFE,SAFE,SAFE,,,10.0,10.0,9.1,9.1,-0.0,-0.0,generic,generic,null,null,"No banned, recalled, or watchlisted ingredients."
294434,Garcinia Cambogia Extract (60% HCA),BulkSupplements.com,generic,generic_botanical_branded,export_safety_projection,effective safety computed once and projected to product_safety_status / verdict / blocking_reason,0.0,51.5,51.5,Poor,Poor,scored,scored,no_known_catalog_concern,caution,complete,complete,CAUTION,CAUTION,CAUTION,CAUTION,,,10.0,10.0,10.9,10.9,-0.0,-0.0,generic,generic,null,null,"No banned, recalled, or watchlisted ingredients."
294435,Garcinia Cambogia Extract (60% HCA),BulkSupplements.com,generic,generic_botanical_branded,export_safety_projection,effective safety computed once and projected to product_safety_status / verdict / blocking_reason,0.0,51.5,51.5,Poor,Poor,scored,scored,no_known_catalog_concern,caution,complete,complete,CAUTION,CAUTION,CAUTION,CAUTION,,,10.0,10.0,10.9,10.9,-0.0,-0.0,generic,generic,null,null,"No banned, recalled, or watchlisted ingredients."
294436,Garcinia Cambogia Extract (60% HCA),BulkSupplements.com,generic,generic_botanical_branded,export_safety_projection,effective safety computed once and projected to product_safety_status / verdict / blocking_reason,0.0,50.0,50.0,Poor,Poor,scored,scored,no_known_catalog_concern,caution,complete,complete,CAUTION,CAUTION,CAUTION,CAUTION,,,10.0,10.0,10.9,10.9,-0.0,-0.0,generic,generic,null,null,"No banned, recalled, or watchlisted ingredients."
294940,Garcinia Cambogia Extract (60% HCA),BulkSupplements.com,generic,generic_botanical_branded,export_safety_projection,effective safety computed once and projected to product_safety_status / verdict / blocking_reason,0.0,51.5,51.5,Poor,Poor,scored,scored,no_known_catalog_concern,caution,complete,complete,CAUTION,CAUTION,CAUTION,CAUTION,,,10.0,10.0,10.9,10.9,-0.0,-0.0,generic,generic,null,null,"No banned, recalled, or watchlisted ingredients."
294941,Garcinia Cambogia Extract (60% HCA),BulkSupplements.com,generic,generic_botanical_branded,export_safety_projection,effective safety computed once and projected to product_safety_status / verdict / blocking_reason,0.0,50.0,50.0,Poor,Poor,scored,scored,no_known_catalog_concern,caution,complete,complete,CAUTION,CAUTION,CAUTION,CAUTION,,,10.0,10.0,10.9,10.9,-0.0,-0.0,generic,generic,null,null,"No banned, recalled, or watchlisted ingredients."
294942,Garcinia Cambogia Extract (60% HCA),BulkSupplements.com,generic,generic_botanical_branded,export_safety_projection,effective safety computed once and projected to product_safety_status / verdict / blocking_reason,0.0,50.0,50.0,Poor,Poor,scored,scored,no_known_catalog_concern,caution,complete,complete,CAUTION,CAUTION,CAUTION,CAUTION,,,10.0,10.0,10.9,10.9,-0.0,-0.0,generic,generic,null,null,"No banned, recalled, or watchlisted ingredients."
296190,L-Carnitine,Pure Encapsulations,generic,generic_single_molecule,evidence_scope_carnitine,ALCAR/L-carnitine evidence form-scoping and the daily-dose comparator fix carried on this branch,9.5,63.7,73.2,Weak,Acceptable,scored,scored,no_known_catalog_concern,no_known_catalog_concern,complete,complete,SAFE,SAFE,SAFE,SAFE,,,10.0,10.0,20.0,20.0,-0.0,-0.0,generic,generic,null,null,"No banned, recalled, or watchlisted ingredients."
297218,Energy and Metabolism Igniter,GNC Women's,generic,generic_single_molecule,export_safety_projection,effective safety computed once and projected to product_safety_status / verdict / blocking_reason,0.0,66.8,66.8,Weak,Weak,scored,scored,no_known_catalog_concern,caution,complete,complete,CAUTION,CAUTION,CAUTION,CAUTION,,,6.5,6.5,20.0,20.0,-0.0,-0.0,generic,generic,null,null,Safety concern: it contains additive or sweetener/form-factor concerns.
297219,L-Carnitine,GNC Women's,generic,generic_single_molecule,evidence_scope_carnitine,ALCAR/L-carnitine evidence form-scoping and the daily-dose comparator fix carried on this branch,1.6,61.0,62.6,Weak,Weak,scored,scored,no_known_catalog_concern,no_known_catalog_concern,complete,complete,SAFE,SAFE,SAFE,SAFE,,,8.5,8.5,20.0,20.0,-0.0,-0.0,generic,generic,null,null,Safety concern: it contains additive or sweetener/form-factor concerns.
298072,L-Carnitine,Thorne,generic,generic_single_molecule,evidence_scope_carnitine,ALCAR/L-carnitine evidence form-scoping and the daily-dose comparator fix carried on this branch,1.6,68.8,70.4,Weak,Acceptable,scored,scored,no_known_catalog_concern,no_known_catalog_concern,complete,complete,SAFE,SAFE,SAFE,SAFE,,,9.5,9.5,20.0,20.0,-0.0,-0.0,generic,generic,null,null,Safety concern: it contains additive or sweetener/form-factor concerns.
299038,CogniPhos,Pure Encapsulations,generic,generic_single_molecule,evidence_scope_carnitine,ALCAR/L-carnitine evidence form-scoping and the daily-dose comparator fix carried on this branch,0.9,76.9,77.8,Acceptable,Acceptable,scored,scored,no_known_catalog_concern,no_known_catalog_concern,complete,complete,SAFE,SAFE,SAFE,SAFE,,,10.0,10.0,19.5,19.5,-0.0,-0.0,generic,generic,null,null,"No banned, recalled, or watchlisted ingredients."
299218,L-Carnitine 1000,GNC Total Lean,generic,generic_single_molecule,evidence_scope_carnitine,ALCAR/L-carnitine evidence form-scoping and the daily-dose comparator fix carried on this branch,1.6,68.9,70.5,Weak,Acceptable,scored,scored,no_known_catalog_concern,no_known_catalog_concern,complete,complete,SAFE,SAFE,SAFE,SAFE,,,8.5,8.5,20.0,20.0,-0.0,-0.0,generic,generic,null,null,Safety concern: it contains additive or sweetener/form-factor concerns.
302650,Comprehensive Prostate Formula,Doctor's Best,multi_or_prenatal,prenatal_multi,unresolved_no_deduction,unresolved exposure no longer takes an unproven harm deduction; assessment marked partial/review,3.8,58.7,62.5,Weak,Weak,scored,scored,no_known_catalog_concern,caution,complete,partial,SAFE,CAUTION,SAFE,CAUTION,,,4.0,6.0,9.1,10.9,-2.0,-0.0,multi_or_prenatal,multi_or_prenatal,"{""material_but_unresolved"": 1}","{""material_but_unresolved"": 1}",Safety concern: it contains additive or sweetener/form-factor concerns.
304635,Carnitine,GNC Mega Men,generic,generic_single_molecule,evidence_scope_carnitine,ALCAR/L-carnitine evidence form-scoping and the daily-dose comparator fix carried on this branch,1.6,59.5,61.1,Weak,Weak,scored,scored,no_known_catalog_concern,no_known_catalog_concern,complete,complete,SAFE,SAFE,SAFE,SAFE,,,8.5,8.5,20.0,20.0,-0.0,-0.0,generic,generic,null,null,Safety concern: it contains additive or sweetener/form-factor concerns.
304636,Energy & Metabolism Generator,GNC Mega Men,generic,generic_single_molecule,export_safety_projection,effective safety computed once and projected to product_safety_status / verdict / blocking_reason,0.0,65.3,65.3,Weak,Weak,scored,scored,no_known_catalog_concern,caution,complete,complete,CAUTION,CAUTION,CAUTION,CAUTION,,,6.5,6.5,20.0,20.0,-0.0,-0.0,generic,generic,null,null,Safety concern: it contains additive or sweetener/form-factor concerns.
305212,Slimvance,GNC BodyDynamix,generic,generic_single_molecule,export_safety_projection,effective safety computed once and projected to product_safety_status / verdict / blocking_reason,0.0,47.1,47.1,Poor,Poor,scored,scored,no_known_catalog_concern,caution,complete,complete,CAUTION,CAUTION,CAUTION,CAUTION,,,6.5,6.5,10.0,10.0,-0.0,-0.0,generic,generic,"{""none"": 1}","{""none"": 1}",Safety concern: it contains additive or sweetener/form-factor concerns.
307547,Acetyl L-Carnitine 500 mg,Jarrow Formulas,generic,generic_single_molecule,evidence_scope_carnitine,ALCAR/L-carnitine evidence form-scoping and the daily-dose comparator fix carried on this branch,7.9,60.1,68.0,Weak,Weak,scored,scored,no_known_catalog_concern,no_known_catalog_concern,complete,complete,SAFE,SAFE,SAFE,SAFE,,,8.5,8.5,20.0,20.0,-0.0,-0.0,generic,generic,null,null,Safety concern: it contains additive or sweetener/form-factor concerns.
307548,Acetyl L-Carnitine 500 mg,Jarrow Formulas,generic,generic_single_molecule,evidence_scope_carnitine,ALCAR/L-carnitine evidence form-scoping and the daily-dose comparator fix carried on this branch,7.9,60.1,68.0,Weak,Weak,scored,scored,no_known_catalog_concern,no_known_catalog_concern,complete,complete,SAFE,SAFE,SAFE,SAFE,,,8.5,8.5,20.0,20.0,-0.0,-0.0,generic,generic,null,null,Safety concern: it contains additive or sweetener/form-factor concerns.
307635,L-Carnitine 500 mg,Jarrow Formulas,generic,generic_single_molecule,evidence_scope_carnitine,ALCAR/L-carnitine evidence form-scoping and the daily-dose comparator fix carried on this branch,9.1,58.9,68.0,Weak,Weak,scored,scored,no_known_catalog_concern,no_known_catalog_concern,complete,complete,SAFE,SAFE,SAFE,SAFE,,,8.5,8.5,20.0,20.0,-0.0,-0.0,generic,generic,null,null,Safety concern: it contains additive or sweetener/form-factor concerns.
307636,L-Carnitine 500 mg,Jarrow Formulas,generic,generic_single_molecule,evidence_scope_carnitine,ALCAR/L-carnitine evidence form-scoping and the daily-dose comparator fix carried on this branch,9.1,58.9,68.0,Weak,Weak,scored,scored,no_known_catalog_concern,no_known_catalog_concern,complete,complete,SAFE,SAFE,SAFE,SAFE,,,8.5,8.5,20.0,20.0,-0.0,-0.0,generic,generic,null,null,Safety concern: it contains additive or sweetener/form-factor concerns.
307768,BCAA 6 g Green Apple,Nutricost Women,sports,sports_bcaa_eaa,export_safety_projection,effective safety computed once and projected to product_safety_status / verdict / blocking_reason,0.0,63.0,63.0,Weak,Weak,scored,scored,no_known_catalog_concern,caution,complete,complete,CAUTION,CAUTION,CAUTION,CAUTION,,,6.0,6.0,16.0,16.0,,-0.0,sports,sports,null,null,Safety concern: it contains additive or sweetener/form-factor concerns.
309486,CogniPhos,Pure Encapsulations,generic,generic_single_molecule,evidence_scope_carnitine,ALCAR/L-carnitine evidence form-scoping and the daily-dose comparator fix carried on this branch,0.9,76.9,77.8,Acceptable,Acceptable,scored,scored,no_known_catalog_concern,no_known_catalog_concern,complete,complete,SAFE,SAFE,SAFE,SAFE,,,10.0,10.0,19.5,19.5,-0.0,-0.0,generic,generic,null,null,"No banned, recalled, or watchlisted ingredients."
310613,Acetyl L-Carnitine HCl (ALCAR HCl),BulkSupplements.com,generic,generic_single_molecule,evidence_scope_carnitine,ALCAR/L-carnitine evidence form-scoping and the daily-dose comparator fix carried on this branch,1.6,68.6,70.2,Weak,Acceptable,scored,scored,no_known_catalog_concern,no_known_catalog_concern,complete,complete,SAFE,SAFE,SAFE,SAFE,,,10.0,10.0,20.0,20.0,-0.0,-0.0,generic,generic,null,null,"No banned, recalled, or watchlisted ingredients."
310614,Acetyl L-Carnitine HCl (ALCAR HCl),BulkSupplements.com,generic,generic_single_molecule,evidence_scope_carnitine,ALCAR/L-carnitine evidence form-scoping and the daily-dose comparator fix carried on this branch,1.6,68.6,70.2,Weak,Acceptable,scored,scored,no_known_catalog_concern,no_known_catalog_concern,complete,complete,SAFE,SAFE,SAFE,SAFE,,,10.0,10.0,20.0,20.0,-0.0,-0.0,generic,generic,null,null,"No banned, recalled, or watchlisted ingredients."
310615,Acetyl L-Carnitine HCl (ALCAR HCl),BulkSupplements.com,generic,generic_single_molecule,evidence_scope_carnitine,ALCAR/L-carnitine evidence form-scoping and the daily-dose comparator fix carried on this branch,1.6,68.6,70.2,Weak,Acceptable,scored,scored,no_known_catalog_concern,no_known_catalog_concern,complete,complete,SAFE,SAFE,SAFE,SAFE,,,10.0,10.0,20.0,20.0,-0.0,-0.0,generic,generic,null,null,"No banned, recalled, or watchlisted ingredients."
310616,Acetyl L-Carnitine HCl (ALCAR HCl),BulkSupplements.com,generic,generic_single_molecule,evidence_scope_carnitine,ALCAR/L-carnitine evidence form-scoping and the daily-dose comparator fix carried on this branch,1.6,68.6,70.2,Weak,Acceptable,scored,scored,no_known_catalog_concern,no_known_catalog_concern,complete,complete,SAFE,SAFE,SAFE,SAFE,,,10.0,10.0,20.0,20.0,-0.0,-0.0,generic,generic,null,null,"No banned, recalled, or watchlisted ingredients."
310727,ALCAR 600 mg,BulkSupplements.com,generic,generic_single_molecule,evidence_scope_carnitine,ALCAR/L-carnitine evidence form-scoping and the daily-dose comparator fix carried on this branch,-6.3,68.6,62.3,Weak,Weak,scored,scored,no_known_catalog_concern,no_known_catalog_concern,complete,complete,SAFE,SAFE,SAFE,SAFE,,,10.0,10.0,20.0,20.0,-0.0,-0.0,generic,generic,null,null,"No banned, recalled, or watchlisted ingredients."
312096,L-Carnitine,BulkSupplements.com,generic,generic_single_molecule,evidence_scope_carnitine,ALCAR/L-carnitine evidence form-scoping and the daily-dose comparator fix carried on this branch,3.2,72.0,75.2,Acceptable,Acceptable,scored,scored,no_known_catalog_concern,no_known_catalog_concern,complete,complete,SAFE,SAFE,SAFE,SAFE,,,10.0,10.0,20.0,20.0,-0.0,-0.0,generic,generic,null,null,"No banned, recalled, or watchlisted ingredients."
312097,L-Carnitine,BulkSupplements.com,generic,generic_single_molecule,evidence_scope_carnitine,ALCAR/L-carnitine evidence form-scoping and the daily-dose comparator fix carried on this branch,3.2,72.0,75.2,Acceptable,Acceptable,scored,scored,no_known_catalog_concern,no_known_catalog_concern,complete,complete,SAFE,SAFE,SAFE,SAFE,,,10.0,10.0,20.0,20.0,-0.0,-0.0,generic,generic,null,null,"No banned, recalled, or watchlisted ingredients."
312098,L-Carnitine,BulkSupplements.com,generic,generic_single_molecule,evidence_scope_carnitine,ALCAR/L-carnitine evidence form-scoping and the daily-dose comparator fix carried on this branch,3.2,72.0,75.2,Acceptable,Acceptable,scored,scored,no_known_catalog_concern,no_known_catalog_concern,complete,complete,SAFE,SAFE,SAFE,SAFE,,,10.0,10.0,20.0,20.0,-0.0,-0.0,generic,generic,null,null,"No banned, recalled, or watchlisted ingredients."
312099,L-Carnitine,BulkSupplements.com,generic,generic_single_molecule,evidence_scope_carnitine,ALCAR/L-carnitine evidence form-scoping and the daily-dose comparator fix carried on this branch,3.2,72.0,75.2,Acceptable,Acceptable,scored,scored,no_known_catalog_concern,no_known_catalog_concern,complete,complete,SAFE,SAFE,SAFE,SAFE,,,10.0,10.0,20.0,20.0,-0.0,-0.0,generic,generic,null,null,"No banned, recalled, or watchlisted ingredients."
312100,L-Carnitine Fumarate,BulkSupplements.com,generic,generic_single_molecule,evidence_scope_carnitine,ALCAR/L-carnitine evidence form-scoping and the daily-dose comparator fix carried on this branch,4.0,57.4,61.4,Weak,Weak,scored,scored,no_known_catalog_concern,no_known_catalog_concern,complete,complete,SAFE,SAFE,SAFE,SAFE,,,10.0,10.0,20.0,20.0,-0.0,-0.0,generic,generic,null,null,"No banned, recalled, or watchlisted ingredients."
312101,L-Carnitine Fumarate,BulkSupplements.com,generic,generic_single_molecule,evidence_scope_carnitine,ALCAR/L-carnitine evidence form-scoping and the daily-dose comparator fix carried on this branch,4.0,57.4,61.4,Weak,Weak,scored,scored,no_known_catalog_concern,no_known_catalog_concern,complete,complete,SAFE,SAFE,SAFE,SAFE,,,10.0,10.0,20.0,20.0,-0.0,-0.0,generic,generic,null,null,"No banned, recalled, or watchlisted ingredients."
312102,L-Carnitine Fumarate,BulkSupplements.com,generic,generic_single_molecule,evidence_scope_carnitine,ALCAR/L-carnitine evidence form-scoping and the daily-dose comparator fix carried on this branch,4.0,57.4,61.4,Weak,Weak,scored,scored,no_known_catalog_concern,no_known_catalog_concern,complete,complete,SAFE,SAFE,SAFE,SAFE,,,10.0,10.0,20.0,20.0,-0.0,-0.0,generic,generic,null,null,"No banned, recalled, or watchlisted ingredients."
312103,L-Carnitine Fumarate,BulkSupplements.com,generic,generic_single_molecule,evidence_scope_carnitine,ALCAR/L-carnitine evidence form-scoping and the daily-dose comparator fix carried on this branch,4.0,57.4,61.4,Weak,Weak,scored,scored,no_known_catalog_concern,no_known_catalog_concern,complete,complete,SAFE,SAFE,SAFE,SAFE,,,10.0,10.0,20.0,20.0,-0.0,-0.0,generic,generic,null,null,"No banned, recalled, or watchlisted ingredients."
312104,L-Carnitine HCl,BulkSupplements.com,generic,generic_single_molecule,evidence_scope_carnitine,ALCAR/L-carnitine evidence form-scoping and the daily-dose comparator fix carried on this branch,3.2,63.2,66.4,Weak,Weak,scored,scored,no_known_catalog_concern,no_known_catalog_concern,complete,complete,SAFE,SAFE,SAFE,SAFE,,,10.0,10.0,20.0,20.0,-0.0,-0.0,generic,generic,null,null,"No banned, recalled, or watchlisted ingredients."
312105,L-Carnitine HCl,BulkSupplements.com,generic,generic_single_molecule,evidence_scope_carnitine,ALCAR/L-carnitine evidence form-scoping and the daily-dose comparator fix carried on this branch,3.2,63.2,66.4,Weak,Weak,scored,scored,no_known_catalog_concern,no_known_catalog_concern,complete,complete,SAFE,SAFE,SAFE,SAFE,,,10.0,10.0,20.0,20.0,-0.0,-0.0,generic,generic,null,null,"No banned, recalled, or watchlisted ingredients."
312106,L-Carnitine HCl,BulkSupplements.com,generic,generic_single_molecule,evidence_scope_carnitine,ALCAR/L-carnitine evidence form-scoping and the daily-dose comparator fix carried on this branch,3.2,63.2,66.4,Weak,Weak,scored,scored,no_known_catalog_concern,no_known_catalog_concern,complete,complete,SAFE,SAFE,SAFE,SAFE,,,10.0,10.0,20.0,20.0,-0.0,-0.0,generic,generic,null,null,"No banned, recalled, or watchlisted ingredients."
312107,L-Carnitine HCl,BulkSupplements.com,generic,generic_single_molecule,evidence_scope_carnitine,ALCAR/L-carnitine evidence form-scoping and the daily-dose comparator fix carried on this branch,3.2,63.2,66.4,Weak,Weak,scored,scored,no_known_catalog_concern,no_known_catalog_concern,complete,complete,SAFE,SAFE,SAFE,SAFE,,,10.0,10.0,20.0,20.0,-0.0,-0.0,generic,generic,null,null,"No banned, recalled, or watchlisted ingredients."
312108,L-Carnitine L-Tartrate,BulkSupplements.com,generic,generic_single_molecule,evidence_scope_carnitine,ALCAR/L-carnitine evidence form-scoping and the daily-dose comparator fix carried on this branch,1.6,73.6,75.2,Acceptable,Acceptable,scored,scored,no_known_catalog_concern,no_known_catalog_concern,complete,complete,SAFE,SAFE,SAFE,SAFE,,,10.0,10.0,20.0,20.0,-0.0,-0.0,generic,generic,null,null,"No banned, recalled, or watchlisted ingredients."
312109,L-Carnitine L-Tartrate,BulkSupplements.com,generic,generic_single_molecule,evidence_scope_carnitine,ALCAR/L-carnitine evidence form-scoping and the daily-dose comparator fix carried on this branch,1.6,73.6,75.2,Acceptable,Acceptable,scored,scored,no_known_catalog_concern,no_known_catalog_concern,complete,complete,SAFE,SAFE,SAFE,SAFE,,,10.0,10.0,20.0,20.0,-0.0,-0.0,generic,generic,null,null,"No banned, recalled, or watchlisted ingredients."
312110,L-Carnitine L-Tartrate,BulkSupplements.com,generic,generic_single_molecule,evidence_scope_carnitine,ALCAR/L-carnitine evidence form-scoping and the daily-dose comparator fix carried on this branch,1.6,73.6,75.2,Acceptable,Acceptable,scored,scored,no_known_catalog_concern,no_known_catalog_concern,complete,complete,SAFE,SAFE,SAFE,SAFE,,,10.0,10.0,20.0,20.0,-0.0,-0.0,generic,generic,null,null,"No banned, recalled, or watchlisted ingredients."
312111,L-Carnitine L-Tartrate,BulkSupplements.com,generic,generic_single_molecule,evidence_scope_carnitine,ALCAR/L-carnitine evidence form-scoping and the daily-dose comparator fix carried on this branch,1.6,73.6,75.2,Acceptable,Acceptable,scored,scored,no_known_catalog_concern,no_known_catalog_concern,complete,complete,SAFE,SAFE,SAFE,SAFE,,,10.0,10.0,20.0,20.0,-0.0,-0.0,generic,generic,null,null,"No banned, recalled, or watchlisted ingredients."
312256,L-Carnitine 1000,GNC Total Lean,generic,generic_single_molecule,evidence_scope_carnitine,ALCAR/L-carnitine evidence form-scoping and the daily-dose comparator fix carried on this branch,1.6,68.0,69.6,Weak,Weak,scored,scored,no_known_catalog_concern,no_known_catalog_concern,complete,complete,SAFE,SAFE,SAFE,SAFE,,,8.0,8.0,20.0,20.0,-0.0,-0.0,generic,generic,null,null,Safety concern: it contains additive or sweetener/form-factor concerns.
312257,Total Lean Multivitamin,GNC Total Lean,multi_or_prenatal,prenatal_multi,export_safety_projection,effective safety computed once and projected to product_safety_status / verdict / blocking_reason,0.0,60.0,60.0,Weak,Weak,scored,scored,no_known_catalog_concern,caution,complete,complete,CAUTION,CAUTION,CAUTION,CAUTION,,,5.0,5.0,15.3,15.3,-0.0,-0.0,multi_or_prenatal,multi_or_prenatal,null,null,Safety concern: it contains a restricted additive and it contains additive or sweetener/form-factor concerns.
312521,Garcinia Cambogia Extract (25% HCA),BulkSupplements.com,generic,generic_botanical_branded,export_safety_projection,effective safety computed once and projected to product_safety_status / verdict / blocking_reason,0.0,51.5,51.5,Poor,Poor,scored,scored,no_known_catalog_concern,caution,complete,complete,CAUTION,CAUTION,CAUTION,CAUTION,,,10.0,10.0,10.9,10.9,-0.0,-0.0,generic,generic,null,null,"No banned, recalled, or watchlisted ingredients."
312522,Garcinia Cambogia Extract (25% HCA),BulkSupplements.com,generic,generic_botanical_branded,export_safety_projection,effective safety computed once and projected to product_safety_status / verdict / blocking_reason,0.0,51.5,51.5,Poor,Poor,scored,scored,no_known_catalog_concern,caution,complete,complete,CAUTION,CAUTION,CAUTION,CAUTION,,,10.0,10.0,10.9,10.9,-0.0,-0.0,generic,generic,null,null,"No banned, recalled, or watchlisted ingredients."
312523,Garcinia Cambogia Extract (25% HCA),BulkSupplements.com,generic,generic_botanical_branded,export_safety_projection,effective safety computed once and projected to product_safety_status / verdict / blocking_reason,0.0,51.5,51.5,Poor,Poor,scored,scored,no_known_catalog_concern,caution,complete,complete,CAUTION,CAUTION,CAUTION,CAUTION,,,10.0,10.0,10.9,10.9,-0.0,-0.0,generic,generic,null,null,"No banned, recalled, or watchlisted ingredients."
312524,Garcinia Cambogia Extract (25% HCA),BulkSupplements.com,generic,generic_botanical_branded,export_safety_projection,effective safety computed once and projected to product_safety_status / verdict / blocking_reason,0.0,51.5,51.5,Poor,Poor,scored,scored,no_known_catalog_concern,caution,complete,complete,CAUTION,CAUTION,CAUTION,CAUTION,,,10.0,10.0,10.9,10.9,-0.0,-0.0,generic,generic,null,null,"No banned, recalled, or watchlisted ingredients."
312525,Garcinia Cambogia Extract (60% HCA),BulkSupplements.com,generic,generic_botanical_branded,export_safety_projection,effective safety computed once and projected to product_safety_status / verdict / blocking_reason,0.0,51.5,51.5,Poor,Poor,scored,scored,no_known_catalog_concern,caution,complete,complete,CAUTION,CAUTION,CAUTION,CAUTION,,,10.0,10.0,10.9,10.9,-0.0,-0.0,generic,generic,null,null,"No banned, recalled, or watchlisted ingredients."
312526,Garcinia Cambogia Extract (60% HCA),BulkSupplements.com,generic,generic_botanical_branded,export_safety_projection,effective safety computed once and projected to product_safety_status / verdict / blocking_reason,0.0,51.5,51.5,Poor,Poor,scored,scored,no_known_catalog_concern,caution,complete,complete,CAUTION,CAUTION,CAUTION,CAUTION,,,10.0,10.0,10.9,10.9,-0.0,-0.0,generic,generic,null,null,"No banned, recalled, or watchlisted ingredients."
312527,Garcinia Cambogia Extract (60% HCA),BulkSupplements.com,generic,generic_botanical_branded,export_safety_projection,effective safety computed once and projected to product_safety_status / verdict / blocking_reason,0.0,51.5,51.5,Poor,Poor,scored,scored,no_known_catalog_concern,caution,complete,complete,CAUTION,CAUTION,CAUTION,CAUTION,,,10.0,10.0,10.9,10.9,-0.0,-0.0,generic,generic,null,null,"No banned, recalled, or watchlisted ingredients."
312528,Garcinia Cambogia Extract (60% HCA),BulkSupplements.com,generic,generic_botanical_branded,export_safety_projection,effective safety computed once and projected to product_safety_status / verdict / blocking_reason,0.0,51.5,51.5,Poor,Poor,scored,scored,no_known_catalog_concern,caution,complete,complete,CAUTION,CAUTION,CAUTION,CAUTION,,,10.0,10.0,10.9,10.9,-0.0,-0.0,generic,generic,null,null,"No banned, recalled, or watchlisted ingredients."
312529,Garcinia Cambogia Extract (60% HCA) 500 mg,BulkSupplements.com,generic,generic_botanical_branded,export_safety_projection,effective safety computed once and projected to product_safety_status / verdict / blocking_reason,0.0,51.5,51.5,Poor,Poor,scored,scored,no_known_catalog_concern,caution,complete,complete,CAUTION,CAUTION,CAUTION,CAUTION,,,10.0,10.0,10.9,10.9,-0.0,-0.0,generic,generic,null,null,"No banned, recalled, or watchlisted ingredients."
312530,Garcinia Cambogia Extract (60% HCA) 500 mg,BulkSupplements.com,generic,generic_botanical_branded,export_safety_projection,effective safety computed once and projected to product_safety_status / verdict / blocking_reason,0.0,51.5,51.5,Poor,Poor,scored,scored,no_known_catalog_concern,caution,complete,complete,CAUTION,CAUTION,CAUTION,CAUTION,,,10.0,10.0,10.9,10.9,-0.0,-0.0,generic,generic,null,null,"No banned, recalled, or watchlisted ingredients."
312913,L-Carnitine L-Tartrate 1000 mg Capsules,BulkSupplements.com,generic,generic_single_molecule,evidence_scope_carnitine,ALCAR/L-carnitine evidence form-scoping and the daily-dose comparator fix carried on this branch,1.6,73.6,75.2,Acceptable,Acceptable,scored,scored,no_known_catalog_concern,no_known_catalog_concern,complete,complete,SAFE,SAFE,SAFE,SAFE,,,10.0,10.0,20.0,20.0,-0.0,-0.0,generic,generic,null,null,"No banned, recalled, or watchlisted ingredients."
315319,Daily Multivitamin,GNC Pro Performance,multi_or_prenatal,prenatal_multi,export_safety_projection,effective safety computed once and projected to product_safety_status / verdict / blocking_reason,0.0,58.7,58.7,Weak,Weak,scored,scored,no_known_catalog_concern,caution,complete,complete,CAUTION,CAUTION,CAUTION,CAUTION,,,5.0,5.0,14.0,14.0,-0.0,-0.0,multi_or_prenatal,multi_or_prenatal,null,null,Safety concern: it contains a restricted additive and it contains additive or sweetener/form-factor concerns.
315588,Astaxanthin 12 mg,Double Wood Supplements,generic,generic_botanical_branded,penalty_registry_mirror,registry changed which penalties mirror into the Formula & quality checks pillar,0.0,85.0,85.0,Strong,Strong,scored,scored,no_known_catalog_concern,no_known_catalog_concern,complete,complete,SAFE,SAFE,SAFE,SAFE,,,9.3,10.0,17.8,19.1,-0.0,-0.0,generic,generic,null,null,"No banned, recalled, or watchlisted ingredients."
315691,Potassium Iodide Tablets 130 mg,Double Wood Supplements,generic,generic_single_molecule,unresolved_no_deduction,unresolved exposure no longer takes an unproven harm deduction; assessment marked partial/review,2.0,57.0,59.0,Weak,Weak,scored,scored,caution,caution,complete,partial,CAUTION,CAUTION,CAUTION,CAUTION,,,6.0,8.0,0.0,0.0,-2.0,-0.0,generic,generic,"{""material_but_unresolved"": 1}","{""material_but_unresolved"": 1}",Safety concern: it contains additive or sweetener/form-factor concerns.
317644,Wheybolic Ripped Cookies and Cream,GNC AMP Advanced Muscle Performance,sports,sports_single,penalty_registry_mirror,registry changed which penalties mirror into the Formula & quality checks pillar,0.0,65.0,65.0,Weak,Weak,scored,scored,no_known_catalog_concern,no_known_catalog_concern,complete,complete,SAFE,SAFE,SAFE,SAFE,,,5.8,6.0,19.5,20.0,,-0.0,sports,sports,null,"{""none"": 1}",Safety concern: it contains additive or sweetener/form-factor concerns.
328271,5 Day Elderberry Immune Berry Flavor,Life Extension,generic,immune_support,penalty_registry_mirror,registry changed which penalties mirror into the Formula & quality checks pillar,-1.3,57.2,55.9,Weak,Weak,scored,scored,caution,caution,complete,complete,CAUTION,CAUTION,CAUTION,CAUTION,,,4.0,3.0,8.0,6.4,-2.0,-2.0,generic,generic,"{""confirmed_over_threshold"": 1}","{""confirmed_over_threshold"": 1}",Safety concern: it contains additive or sweetener/form-factor concerns and one or more supplemental amounts exceed an established upper limit.
328273,Acetyl-L-Carnitine 500 mg,Life Extension,generic,generic_single_molecule,evidence_scope_carnitine,ALCAR/L-carnitine evidence form-scoping and the daily-dose comparator fix carried on this branch,1.9,69.1,71.0,Weak,Acceptable,scored,scored,no_known_catalog_concern,no_known_catalog_concern,complete,complete,SAFE,SAFE,SAFE,SAFE,,,9.0,9.0,20.0,20.0,-0.0,-0.0,generic,generic,null,null,Safety concern: it contains additive or sweetener/form-factor concerns.
328274,Acetyl-L-Carnitine Arginate,Life Extension,generic,generic_single_molecule,evidence_scope_carnitine,ALCAR/L-carnitine evidence form-scoping and the daily-dose comparator fix carried on this branch,-7.9,72.6,64.7,Acceptable,Weak,scored,scored,no_known_catalog_concern,no_known_catalog_concern,complete,complete,SAFE,SAFE,SAFE,SAFE,,,9.0,9.0,20.0,20.0,-0.0,-0.0,generic,generic,null,null,Safety concern: it contains additive or sweetener/form-factor concerns.
328300,Bone Strength Collagen Formula,Life Extension,generic,generic_botanical_branded,unresolved_no_deduction,unresolved exposure no longer takes an unproven harm deduction; assessment marked partial/review,3.8,71.5,75.3,Acceptable,Acceptable,scored,scored,no_known_catalog_concern,caution,complete,partial,SAFE,CAUTION,SAFE,CAUTION,,,5.0,7.0,17.3,19.1,-2.0,-0.0,generic,generic,"{""material_but_unresolved"": 1}","{""material_but_unresolved"": 1}",Safety concern: it contains additive or sweetener/form-factor concerns.
328462,Garcinia HCA,Life Extension,generic,generic_botanical_branded,export_safety_projection,effective safety computed once and projected to product_safety_status / verdict / blocking_reason,0.0,55.6,55.6,Weak,Weak,scored,scored,no_known_catalog_concern,caution,complete,complete,CAUTION,CAUTION,CAUTION,CAUTION,,,9.5,9.5,10.9,10.9,-0.0,-0.0,generic,generic,null,null,Safety concern: it contains additive or sweetener/form-factor concerns.
328464,Ginkgo Biloba Certified Extract 120 mg,Life Extension,generic,generic_botanical_branded,export_safety_projection,effective safety computed once and projected to product_safety_status / verdict / blocking_reason,0.0,58.8,58.8,Weak,Weak,scored,scored,no_known_catalog_concern,caution,complete,complete,CAUTION,CAUTION,CAUTION,CAUTION,,,8.5,8.5,19.1,19.1,-0.0,-0.0,generic,generic,null,null,Safety concern: it contains additive or sweetener/form-factor concerns.
328510,L-Carnitine 500 mg,Life Extension,generic,generic_single_molecule,evidence_scope_carnitine,ALCAR/L-carnitine evidence form-scoping and the daily-dose comparator fix carried on this branch,1.6,63.9,65.5,Weak,Weak,scored,scored,no_known_catalog_concern,no_known_catalog_concern,complete,complete,SAFE,SAFE,SAFE,SAFE,,,9.0,9.0,20.0,20.0,-0.0,-0.0,generic,generic,null,null,Safety concern: it contains additive or sweetener/form-factor concerns.
328602,No Flush Niacin 640 mg,Life Extension,generic,generic_single_molecule,unresolved_caution,assessment downgraded to partial/review for an unresolved dose-safety finding,1.0,47.5,48.5,Poor,Poor,scored,scored,caution,caution,complete,partial,CAUTION,CAUTION,CAUTION,CAUTION,,,6.5,7.5,0.0,0.0,-3.0,-2.0,generic,generic,"{""confirmed_over_threshold"": 1, ""material_but_unresolved"": 2}","{""confirmed_over_threshold"": 1, ""material_but_unresolved"": 2}","Safety concern: it contains additive or sweetener/form-factor concerns and one or more supplemental amounts exceed an established upper limit, and additional dose-safety checks remain unresolved."
329659,Acetyl L-Carnitine Powder 1000mg,BulkSupplements.com,generic,generic_single_molecule,evidence_scope_carnitine,ALCAR/L-carnitine evidence form-scoping and the daily-dose comparator fix carried on this branch,1.6,68.6,70.2,Weak,Acceptable,scored,scored,no_known_catalog_concern,no_known_catalog_concern,complete,complete,SAFE,SAFE,SAFE,SAFE,,,10.0,10.0,20.0,20.0,-0.0,-0.0,generic,generic,null,null,"No banned, recalled, or watchlisted ingredients."
329660,Acetyl L-Carnitine HCl 1000 mg,BulkSupplements.com,generic,generic_single_molecule,evidence_scope_carnitine,ALCAR/L-carnitine evidence form-scoping and the daily-dose comparator fix carried on this branch,1.6,68.6,70.2,Weak,Acceptable,scored,scored,no_known_catalog_concern,no_known_catalog_concern,complete,complete,SAFE,SAFE,SAFE,SAFE,,,10.0,10.0,20.0,20.0,-0.0,-0.0,generic,generic,null,null,"No banned, recalled, or watchlisted ingredients."
329661,Acetyl L-Carnitine HCl (ALCAR HCl) Powder 1000 mg,BulkSupplements.com,generic,generic_single_molecule,evidence_scope_carnitine,ALCAR/L-carnitine evidence form-scoping and the daily-dose comparator fix carried on this branch,1.6,68.6,70.2,Weak,Acceptable,scored,scored,no_known_catalog_concern,no_known_catalog_concern,complete,complete,SAFE,SAFE,SAFE,SAFE,,,10.0,10.0,20.0,20.0,-0.0,-0.0,generic,generic,null,null,"No banned, recalled, or watchlisted ingredients."
329662,Acetyl L-Carnitine Powder 1000 mg,BulkSupplements.com,generic,generic_single_molecule,evidence_scope_carnitine,ALCAR/L-carnitine evidence form-scoping and the daily-dose comparator fix carried on this branch,1.6,68.6,70.2,Weak,Acceptable,scored,scored,no_known_catalog_concern,no_known_catalog_concern,complete,complete,SAFE,SAFE,SAFE,SAFE,,,10.0,10.0,20.0,20.0,-0.0,-0.0,generic,generic,null,null,"No banned, recalled, or watchlisted ingredients."
329663,ALCAR Capsules 1500 mg,BulkSupplements.com,generic,generic_single_molecule,evidence_scope_carnitine,ALCAR/L-carnitine evidence form-scoping and the daily-dose comparator fix carried on this branch,1.6,68.6,70.2,Weak,Acceptable,scored,scored,no_known_catalog_concern,no_known_catalog_concern,complete,complete,SAFE,SAFE,SAFE,SAFE,,,10.0,10.0,20.0,20.0,-0.0,-0.0,generic,generic,null,null,"No banned, recalled, or watchlisted ingredients."
330884,Total Lean Multivitamin,GNC Total Lean,multi_or_prenatal,prenatal_multi,export_safety_projection,effective safety computed once and projected to product_safety_status / verdict / blocking_reason,0.0,59.1,59.1,Weak,Weak,scored,scored,no_known_catalog_concern,caution,complete,complete,CAUTION,CAUTION,CAUTION,CAUTION,,,5.0,5.0,15.4,15.4,-0.0,-0.0,multi_or_prenatal,multi_or_prenatal,null,null,Safety concern: it contains a restricted additive and it contains additive or sweetener/form-factor concerns.
330885,L-Carnitine 1000,GNC Total Lean,generic,generic_single_molecule,evidence_scope_carnitine,ALCAR/L-carnitine evidence form-scoping and the daily-dose comparator fix carried on this branch,1.6,68.0,69.6,Weak,Weak,scored,scored,no_known_catalog_concern,no_known_catalog_concern,complete,complete,SAFE,SAFE,SAFE,SAFE,,,8.0,8.0,20.0,20.0,-0.0,-0.0,generic,generic,null,null,Safety concern: it contains additive or sweetener/form-factor concerns.
330936,Garcinia cambogia Extract (60% HCA) Powder 500 mg,BulkSupplements.com,generic,generic_botanical_branded,export_safety_projection,effective safety computed once and projected to product_safety_status / verdict / blocking_reason,0.0,51.5,51.5,Poor,Poor,scored,scored,no_known_catalog_concern,caution,complete,complete,CAUTION,CAUTION,CAUTION,CAUTION,,,10.0,10.0,10.9,10.9,-0.0,-0.0,generic,generic,null,null,"No banned, recalled, or watchlisted ingredients."
330937,Garcinia Cambogia Extract (60% HCA),BulkSupplements.com,generic,generic_botanical_branded,export_safety_projection,effective safety computed once and projected to product_safety_status / verdict / blocking_reason,0.0,51.5,51.5,Poor,Poor,scored,scored,no_known_catalog_concern,caution,complete,complete,CAUTION,CAUTION,CAUTION,CAUTION,,,10.0,10.0,10.9,10.9,-0.0,-0.0,generic,generic,null,null,"No banned, recalled, or watchlisted ingredients."
330938,Garcinia Cambogia Extract 60% HCA Powder 500 mg,BulkSupplements.com,generic,generic_botanical_branded,export_safety_projection,effective safety computed once and projected to product_safety_status / verdict / blocking_reason,0.0,51.5,51.5,Poor,Poor,scored,scored,no_known_catalog_concern,caution,complete,complete,CAUTION,CAUTION,CAUTION,CAUTION,,,10.0,10.0,10.9,10.9,-0.0,-0.0,generic,generic,null,null,"No banned, recalled, or watchlisted ingredients."
331159,L-Carnitine Capsules 1000 mg,BulkSupplements.com,generic,generic_single_molecule,evidence_scope_carnitine,ALCAR/L-carnitine evidence form-scoping and the daily-dose comparator fix carried on this branch,3.2,72.0,75.2,Acceptable,Acceptable,scored,scored,no_known_catalog_concern,no_known_catalog_concern,complete,complete,SAFE,SAFE,SAFE,SAFE,,,10.0,10.0,20.0,20.0,-0.0,-0.0,generic,generic,null,null,"No banned, recalled, or watchlisted ingredients."
331492,Energy and Metabolism Igniter,GNC Women's,generic,generic_single_molecule,export_safety_projection,effective safety computed once and projected to product_safety_status / verdict / blocking_reason,0.0,67.3,67.3,Weak,Weak,scored,scored,no_known_catalog_concern,caution,complete,complete,CAUTION,CAUTION,CAUTION,CAUTION,,,7.0,7.0,20.0,20.0,-0.0,-0.0,generic,generic,null,null,Safety concern: it contains additive or sweetener/form-factor concerns.
331494,Fatty Acid Metabolizer,GNC Women's,generic,generic_single_molecule,evidence_scope_carnitine,ALCAR/L-carnitine evidence form-scoping and the daily-dose comparator fix carried on this branch,1.6,61.0,62.6,Weak,Weak,scored,scored,no_known_catalog_concern,no_known_catalog_concern,complete,complete,SAFE,SAFE,SAFE,SAFE,,,8.5,8.5,20.0,20.0,-0.0,-0.0,generic,generic,null,null,Safety concern: it contains additive or sweetener/form-factor concerns.
33233,Re-Feed Chocolate Peanut Butter,GNC Beyond Raw,fiber_digestive,fiber_digestive,universal_b7_confirmed,"confirmed over-UL exposure now scored on fiber_digestive, a route that previously had no B7 path",-3.6,58.3,54.7,Weak,Poor,scored,scored,caution,caution,complete,complete,CAUTION,CAUTION,CAUTION,CAUTION,,,6.0,4.0,7.2,5.6,,-2.0,fiber_digestive,fiber_digestive,null,"{""confirmed_over_threshold"": 1}",Safety concern: it contains additive or sweetener/form-factor concerns and one or more supplemental amounts exceed an established upper limit.
33246,Re-Feed Extreme Chocolate,GNC Beyond Raw,fiber_digestive,fiber_digestive,universal_b7_confirmed,"confirmed over-UL exposure now scored on fiber_digestive, a route that previously had no B7 path",-3.6,61.8,58.2,Weak,Weak,scored,scored,caution,caution,complete,complete,CAUTION,CAUTION,CAUTION,CAUTION,,,6.0,4.0,8.0,6.4,,-2.0,fiber_digestive,fiber_digestive,null,"{""confirmed_over_threshold"": 1}",Safety concern: it contains additive or sweetener/form-factor concerns and one or more supplemental amounts exceed an established upper limit.
334443,Wheybolic Ripped Cookies and Cream,GNC AMP Advanced Muscle Performance,sports,sports_single,penalty_registry_mirror,registry changed which penalties mirror into the Formula & quality checks pillar,0.0,65.0,65.0,Weak,Weak,scored,scored,no_known_catalog_concern,no_known_catalog_concern,complete,complete,SAFE,SAFE,SAFE,SAFE,,,5.7,6.0,19.1,20.0,,-0.0,sports,sports,null,null,Safety concern: it contains additive or sweetener/form-factor concerns.
336011,Decaf Thermo Igniter 12X,GNC AMP Advanced Muscle Performance,generic,generic_botanical_branded,export_safety_projection,effective safety computed once and projected to product_safety_status / verdict / blocking_reason,0.0,43.3,43.3,Poor,Poor,scored,scored,no_known_catalog_concern,caution,complete,complete,CAUTION,CAUTION,CAUTION,CAUTION,,,5.0,5.0,9.1,9.1,-0.0,-0.0,generic,generic,null,null,Safety concern: it contains a restricted additive and it contains additive or sweetener/form-factor concerns.
33624,Amplified Extreme 60 Original Natural Vanilla,GNC Pro Performance AMP,fiber_digestive,fiber_digestive,evidence_scope_carnitine,ALCAR/L-carnitine evidence form-scoping and the daily-dose comparator fix carried on this branch,0.8,53.2,54.0,Poor,Poor,scored,scored,no_known_catalog_concern,no_known_catalog_concern,complete,complete,SAFE,SAFE,SAFE,SAFE,,,6.0,6.0,7.2,7.2,,-0.0,fiber_digestive,fiber_digestive,null,null,Safety concern: it contains additive or sweetener/form-factor concerns.
336344,Acetyl-L-Carnitine 500 mg,Thorne,generic,generic_single_molecule,evidence_scope_carnitine,ALCAR/L-carnitine evidence form-scoping and the daily-dose comparator fix carried on this branch,7.9,69.5,77.4,Weak,Acceptable,scored,scored,no_known_catalog_concern,no_known_catalog_concern,complete,complete,SAFE,SAFE,SAFE,SAFE,,,9.0,9.0,20.0,20.0,-0.0,-0.0,generic,generic,null,null,Safety concern: it contains additive or sweetener/form-factor concerns.
33665,Amplified Extreme 60 Original Natural Chocolate,GNC Pro Performance AMP,fiber_digestive,fiber_digestive,evidence_scope_carnitine,ALCAR/L-carnitine evidence form-scoping and the daily-dose comparator fix carried on this branch,0.8,54.9,55.7,Poor,Weak,scored,scored,no_known_catalog_concern,no_known_catalog_concern,complete,complete,SAFE,SAFE,SAFE,SAFE,,,7.0,7.0,7.2,7.2,,-0.0,fiber_digestive,fiber_digestive,null,null,Safety concern: it contains additive or sweetener/form-factor concerns.
33684,Carnitine 500,GNC Mega Men,generic,generic_single_molecule,evidence_scope_carnitine,ALCAR/L-carnitine evidence form-scoping and the daily-dose comparator fix carried on this branch,-13.0,77.4,64.4,Acceptable,Weak,scored,scored,no_known_catalog_concern,no_known_catalog_concern,complete,complete,SAFE,SAFE,SAFE,SAFE,,,10.0,10.0,20.0,20.0,-0.0,-0.0,generic,generic,null,null,"No banned, recalled, or watchlisted ingredients."
36248,Control & Reduce Unflavored,GNC Total Lean,fiber_digestive,fiber_digestive,export_safety_projection,effective safety computed once and projected to product_safety_status / verdict / blocking_reason,0.0,56.9,56.9,Weak,Weak,scored,scored,no_known_catalog_concern,caution,complete,complete,CAUTION,CAUTION,CAUTION,CAUTION,,,6.0,6.0,16.0,16.0,,-0.0,fiber_digestive,fiber_digestive,null,null,Safety concern: it contains additive or sweetener/form-factor concerns.
36250,Control & Reduce Fruit Punch,GNC Total Lean,fiber_digestive,fiber_digestive,export_safety_projection,effective safety computed once and projected to product_safety_status / verdict / blocking_reason,0.0,54.2,54.2,Poor,Poor,scored,scored,no_known_catalog_concern,caution,complete,complete,CAUTION,CAUTION,CAUTION,CAUTION,,,6.0,6.0,16.0,16.0,,-0.0,fiber_digestive,fiber_digestive,null,null,Safety concern: it contains additive or sweetener/form-factor concerns.
36263,Healthy Metabolism Soft Chew Pink Lemonade,GNC Total Lean,multi_or_prenatal,prenatal_multi,export_safety_projection,effective safety computed once and projected to product_safety_status / verdict / blocking_reason,0.0,49.3,49.3,Poor,Poor,scored,scored,no_known_catalog_concern,caution,complete,complete,CAUTION,CAUTION,CAUTION,CAUTION,,,6.0,6.0,6.1,6.1,-0.0,-0.0,multi_or_prenatal,multi_or_prenatal,null,null,Safety concern: it contains additive or sweetener/form-factor concerns.
37217,Rare Vanilla,GNC Beyond Raw,generic,generic_single_molecule,export_safety_projection,effective safety computed once and projected to product_safety_status / verdict / blocking_reason,0.0,46.7,46.7,Poor,Poor,scored,scored,no_known_catalog_concern,caution,complete,complete,CAUTION,CAUTION,CAUTION,CAUTION,,,5.0,5.0,20.0,20.0,-0.0,-0.0,generic,generic,null,null,Safety concern: it contains a restricted additive and it contains additive or sweetener/form-factor concerns.
37224,Rare Chocolate Fudge,GNC Beyond Raw,fiber_digestive,fiber_digestive,export_safety_projection,effective safety computed once and projected to product_safety_status / verdict / blocking_reason,0.0,39.2,39.2,Poor,Poor,scored,scored,no_known_catalog_concern,caution,complete,complete,CAUTION,CAUTION,CAUTION,CAUTION,,,6.0,6.0,7.2,7.2,,-0.0,fiber_digestive,fiber_digestive,null,null,Safety concern: it contains additive or sweetener/form-factor concerns.
40604,Remove,Garden of Life,fiber_digestive,fiber_digestive,universal_b7_confirmed,"confirmed over-UL exposure now scored on fiber_digestive, a route that previously had no B7 path",-3.6,67.7,64.1,Weak,Weak,scored,scored,caution,caution,complete,complete,CAUTION,CAUTION,CAUTION,CAUTION,,,10.0,8.0,7.2,5.6,,-2.0,fiber_digestive,fiber_digestive,null,"{""confirmed_over_threshold"": 1}",Safety concern: one or more supplemental amounts exceed an established upper limit.
42176,Re-Size Double Chocolate,GNC Beyond Raw,fiber_digestive,fiber_digestive,evidence_scope_carnitine,ALCAR/L-carnitine evidence form-scoping and the daily-dose comparator fix carried on this branch,0.2,57.4,57.6,Weak,Weak,scored,scored,no_known_catalog_concern,no_known_catalog_concern,complete,complete,SAFE,SAFE,SAFE,SAFE,,,6.0,6.0,12.0,12.0,,-0.0,fiber_digestive,fiber_digestive,null,null,Safety concern: it contains additive or sweetener/form-factor concerns.
42240,Canitine 500,GNC Women's Ultra Mega,generic,generic_single_molecule,evidence_scope_carnitine,ALCAR/L-carnitine evidence form-scoping and the daily-dose comparator fix carried on this branch,1.6,63.7,65.3,Weak,Weak,scored,scored,no_known_catalog_concern,no_known_catalog_concern,complete,complete,SAFE,SAFE,SAFE,SAFE,,,10.0,10.0,20.0,20.0,-0.0,-0.0,generic,generic,null,null,"No banned, recalled, or watchlisted ingredients."
42349,Amplified Wheybolic Extreme 60 Original Chocolate,GNC Pro Performance AMP,sports,sports_protein,evidence_scope_carnitine,ALCAR/L-carnitine evidence form-scoping and the daily-dose comparator fix carried on this branch,1.2,53.7,54.9,Poor,Poor,scored,scored,no_known_catalog_concern,no_known_catalog_concern,complete,complete,SAFE,SAFE,SAFE,SAFE,,,6.0,6.0,12.8,12.8,,-0.0,sports,sports,null,null,Safety concern: it contains additive or sweetener/form-factor concerns.
4235,Acetyl L-Carnitine 250 mg,Nature's Bounty,generic,generic_single_molecule,evidence_scope_carnitine,ALCAR/L-carnitine evidence form-scoping and the daily-dose comparator fix carried on this branch,7.9,62.9,70.8,Weak,Acceptable,scored,scored,no_known_catalog_concern,no_known_catalog_concern,complete,complete,SAFE,SAFE,SAFE,SAFE,,,9.5,9.5,20.0,20.0,-0.0,-0.0,generic,generic,null,null,Safety concern: it contains additive or sweetener/form-factor concerns.
42360,Amplified Wheybolic Extreme 60 Original Banana Cream,GNC Pro Performance AMP,sports,sports_protein,evidence_scope_carnitine,ALCAR/L-carnitine evidence form-scoping and the daily-dose comparator fix carried on this branch,1.2,52.4,53.6,Poor,Poor,scored,scored,no_known_catalog_concern,no_known_catalog_concern,complete,complete,SAFE,SAFE,SAFE,SAFE,,,6.0,6.0,12.8,12.8,,-0.0,sports,sports,null,null,Safety concern: it contains additive or sweetener/form-factor concerns.
4258,L-Carnitine,GNC Women's Ultra Mega,generic,generic_single_molecule,evidence_scope_carnitine,ALCAR/L-carnitine evidence form-scoping and the daily-dose comparator fix carried on this branch,4.0,60.4,64.4,Weak,Weak,scored,scored,no_known_catalog_concern,no_known_catalog_concern,complete,complete,SAFE,SAFE,SAFE,SAFE,,,10.0,10.0,20.0,20.0,-0.0,-0.0,generic,generic,null,null,"No banned, recalled, or watchlisted ingredients."
4287,Amplified Wheybolic Extreme 60 Vanilla,GNC Pro Performance AMP,sports,sports_protein,evidence_scope_carnitine,ALCAR/L-carnitine evidence form-scoping and the daily-dose comparator fix carried on this branch,0.7,50.3,51.0,Poor,Poor,scored,scored,no_known_catalog_concern,no_known_catalog_concern,complete,complete,SAFE,SAFE,SAFE,SAFE,,,6.0,6.0,12.8,12.8,,-0.0,sports,sports,null,null,Safety concern: it contains additive or sweetener/form-factor concerns.
4288,Amplified Wheybolic Extreme 60 Chocolate,GNC Pro Performance AMP,sports,sports_protein,evidence_scope_carnitine,ALCAR/L-carnitine evidence form-scoping and the daily-dose comparator fix carried on this branch,0.7,50.3,51.0,Poor,Poor,scored,scored,no_known_catalog_concern,no_known_catalog_concern,complete,complete,SAFE,SAFE,SAFE,SAFE,,,6.0,6.0,12.8,12.8,,-0.0,sports,sports,null,null,Safety concern: it contains additive or sweetener/form-factor concerns.
4289,Amplified Wheybolic Extreme 60 Vanilla,GNC Pro Performance AMP,sports,sports_protein,evidence_scope_carnitine,ALCAR/L-carnitine evidence form-scoping and the daily-dose comparator fix carried on this branch,0.7,50.3,51.0,Poor,Poor,scored,scored,no_known_catalog_concern,no_known_catalog_concern,complete,complete,SAFE,SAFE,SAFE,SAFE,,,6.0,6.0,12.8,12.8,,-0.0,sports,sports,null,null,Safety concern: it contains additive or sweetener/form-factor concerns.
45062,Amplified Wheybolic Extreme 60 Strength Chocolate,GNC Pro Performance AMP,sports,sports_protein,evidence_scope_carnitine,ALCAR/L-carnitine evidence form-scoping and the daily-dose comparator fix carried on this branch,0.7,58.0,58.7,Weak,Weak,scored,scored,no_known_catalog_concern,no_known_catalog_concern,complete,complete,SAFE,SAFE,SAFE,SAFE,,,6.0,6.0,12.8,12.8,,-0.0,sports,sports,null,null,Safety concern: it contains additive or sweetener/form-factor concerns.
45067,Amplified Wheybolic Extreme 60 Strength Vanilla,GNC Pro Performance AMP,sports,sports_protein,evidence_scope_carnitine,ALCAR/L-carnitine evidence form-scoping and the daily-dose comparator fix carried on this branch,0.7,55.0,55.7,Weak,Weak,scored,scored,no_known_catalog_concern,no_known_catalog_concern,complete,complete,SAFE,SAFE,SAFE,SAFE,,,5.0,5.0,12.8,12.8,,-0.0,sports,sports,null,null,Safety concern: it contains a restricted additive and it contains additive or sweetener/form-factor concerns.
45072,Amplified Wheybolic Extreme 60 Strength Vanilla,GNC Pro Performance AMP,sports,sports_protein,evidence_scope_carnitine,ALCAR/L-carnitine evidence form-scoping and the daily-dose comparator fix carried on this branch,0.7,62.2,62.9,Weak,Weak,scored,scored,no_known_catalog_concern,no_known_catalog_concern,complete,complete,SAFE,SAFE,SAFE,SAFE,,,5.0,5.0,20.0,20.0,,-0.0,sports,sports,null,null,Safety concern: it contains a restricted additive and it contains additive or sweetener/form-factor concerns.
47584,Amplified Wheybolic Extreme 60 Strawberry,GNC Pro Performance AMP,sports,sports_protein,evidence_scope_carnitine,ALCAR/L-carnitine evidence form-scoping and the daily-dose comparator fix carried on this branch,0.7,56.2,56.9,Weak,Weak,scored,scored,no_known_catalog_concern,no_known_catalog_concern,complete,complete,SAFE,SAFE,SAFE,SAFE,,,6.0,6.0,20.0,20.0,,-0.0,sports,sports,null,null,Safety concern: it contains additive or sweetener/form-factor concerns.
47848,Tone & Define,GNC Total Lean Advanced,generic,generic_botanical_branded,export_safety_projection,effective safety computed once and projected to product_safety_status / verdict / blocking_reason,0.0,46.8,46.8,Poor,Poor,scored,scored,no_known_catalog_concern,caution,complete,complete,CAUTION,CAUTION,CAUTION,CAUTION,,,5.5,5.5,10.9,10.9,-0.0,-0.0,generic,generic,null,null,Safety concern: it contains a restricted additive and it contains additive or sweetener/form-factor concerns.
4794,Amplified Wheybolic Extreme 60 Vanilla,GNC Pro Performance AMP,sports,sports_protein,evidence_scope_carnitine,ALCAR/L-carnitine evidence form-scoping and the daily-dose comparator fix carried on this branch,0.7,50.3,51.0,Poor,Poor,scored,scored,no_known_catalog_concern,no_known_catalog_concern,complete,complete,SAFE,SAFE,SAFE,SAFE,,,6.0,6.0,12.8,12.8,,-0.0,sports,sports,null,null,Safety concern: it contains additive or sweetener/form-factor concerns.
4795,Amplified Wheybolic Extreme 60 Chocolate,GNC Pro Performance AMP,sports,sports_protein,evidence_scope_carnitine,ALCAR/L-carnitine evidence form-scoping and the daily-dose comparator fix carried on this branch,0.7,50.3,51.0,Poor,Poor,scored,scored,no_known_catalog_concern,no_known_catalog_concern,complete,complete,SAFE,SAFE,SAFE,SAFE,,,6.0,6.0,12.8,12.8,,-0.0,sports,sports,null,null,Safety concern: it contains additive or sweetener/form-factor concerns.
4796,Amplified Wheybolic Extreme 60 Fruit Punch,GNC Pro Performance AMP,sports,sports_protein,evidence_scope_carnitine,ALCAR/L-carnitine evidence form-scoping and the daily-dose comparator fix carried on this branch,0.7,49.0,49.7,Poor,Poor,scored,scored,no_known_catalog_concern,no_known_catalog_concern,complete,complete,SAFE,SAFE,SAFE,SAFE,,,6.0,6.0,12.8,12.8,,-0.0,sports,sports,null,null,Safety concern: it contains additive or sweetener/form-factor concerns.
4812,Amplified Wheybolic Extreme 60 Strawberry,GNC Pro Performance AMP,sports,sports_protein,evidence_scope_carnitine,ALCAR/L-carnitine evidence form-scoping and the daily-dose comparator fix carried on this branch,0.7,49.0,49.7,Poor,Poor,scored,scored,no_known_catalog_concern,no_known_catalog_concern,complete,complete,SAFE,SAFE,SAFE,SAFE,,,6.0,6.0,12.8,12.8,,-0.0,sports,sports,null,null,Safety concern: it contains additive or sweetener/form-factor concerns.
4813,Amplified Wheybolic Extreme 60 Cookies & Cream,GNC Pro Performance AMP,sports,sports_protein,evidence_scope_carnitine,ALCAR/L-carnitine evidence form-scoping and the daily-dose comparator fix carried on this branch,0.7,49.3,50.0,Poor,Poor,scored,scored,no_known_catalog_concern,no_known_catalog_concern,complete,complete,SAFE,SAFE,SAFE,SAFE,,,5.0,5.0,12.8,12.8,,-0.0,sports,sports,null,null,Safety concern: it contains a restricted additive and it contains additive or sweetener/form-factor concerns.
58935,L-Carnitine Powder Natural Lemon Flavor,Life Extension,generic,generic_single_molecule,evidence_scope_carnitine,ALCAR/L-carnitine evidence form-scoping and the daily-dose comparator fix carried on this branch,1.6,68.2,69.8,Weak,Weak,scored,scored,no_known_catalog_concern,no_known_catalog_concern,complete,complete,SAFE,SAFE,SAFE,SAFE,,,7.0,7.0,20.0,20.0,-0.0,-0.0,generic,generic,null,null,Safety concern: it contains additive or sweetener/form-factor concerns.
59517,Super Citrimax Clinical Strength,Life Extension,generic,generic_botanical_branded,export_safety_projection,effective safety computed once and projected to product_safety_status / verdict / blocking_reason,0.0,51.3,51.3,Poor,Poor,scored,scored,no_known_catalog_concern,caution,complete,complete,CAUTION,CAUTION,CAUTION,CAUTION,,,8.5,8.5,9.1,9.1,-0.0,-0.0,generic,generic,null,null,Safety concern: it contains additive or sweetener/form-factor concerns.
59709,Acetyl-L-Carnitine Arginate,Life Extension,generic,generic_single_molecule,evidence_scope_carnitine,ALCAR/L-carnitine evidence form-scoping and the daily-dose comparator fix carried on this branch,-7.9,72.9,65.0,Acceptable,Weak,scored,scored,no_known_catalog_concern,no_known_catalog_concern,complete,complete,SAFE,SAFE,SAFE,SAFE,,,10.0,10.0,20.0,20.0,-0.0,-0.0,generic,generic,null,null,"No banned, recalled, or watchlisted ingredients."
60214,L-Carnitine Fumarate 855 mg,Doctor's Best,generic,generic_single_molecule,evidence_scope_carnitine,ALCAR/L-carnitine evidence form-scoping and the daily-dose comparator fix carried on this branch,3.2,56.4,59.6,Weak,Weak,scored,scored,no_known_catalog_concern,no_known_catalog_concern,complete,complete,SAFE,SAFE,SAFE,SAFE,,,8.5,8.5,20.0,20.0,-0.0,-0.0,generic,generic,null,null,Safety concern: it contains additive or sweetener/form-factor concerns.
64800,Acetyl-L-Carnitine Arginate,Life Extension,generic,generic_single_molecule,evidence_scope_carnitine,ALCAR/L-carnitine evidence form-scoping and the daily-dose comparator fix carried on this branch,-7.9,72.0,64.1,Acceptable,Weak,scored,scored,no_known_catalog_concern,no_known_catalog_concern,complete,complete,SAFE,SAFE,SAFE,SAFE,,,9.5,9.5,20.0,20.0,-0.0,-0.0,generic,generic,null,null,Safety concern: it contains additive or sweetener/form-factor concerns.
65944,L-Carnitine,GNC Women's Ultra Mega,generic,generic_single_molecule,evidence_scope_carnitine,ALCAR/L-carnitine evidence form-scoping and the daily-dose comparator fix carried on this branch,3.2,62.1,65.3,Weak,Weak,scored,scored,no_known_catalog_concern,no_known_catalog_concern,complete,complete,SAFE,SAFE,SAFE,SAFE,,,10.0,10.0,20.0,20.0,-0.0,-0.0,generic,generic,null,null,"No banned, recalled, or watchlisted ingredients."
66890,L-Carnitine 500,GNC Pro Performance,generic,generic_single_molecule,evidence_scope_carnitine,ALCAR/L-carnitine evidence form-scoping and the daily-dose comparator fix carried on this branch,4.0,60.4,64.4,Weak,Weak,scored,scored,no_known_catalog_concern,no_known_catalog_concern,complete,complete,SAFE,SAFE,SAFE,SAFE,,,10.0,10.0,20.0,20.0,-0.0,-0.0,generic,generic,null,null,"No banned, recalled, or watchlisted ingredients."
67304,Carnitine 1000 + BCAA Orange Cream,GNC Pro Performance,sports,sports_bcaa_eaa,evidence_scope_carnitine,ALCAR/L-carnitine evidence form-scoping and the daily-dose comparator fix carried on this branch,8.8,35.9,44.7,Poor,Poor,scored,scored,no_known_catalog_concern,no_known_catalog_concern,complete,complete,POOR,SAFE,SAFE,SAFE,,,6.0,6.0,8.9,8.9,,-0.0,sports,sports,null,null,Safety concern: it contains additive or sweetener/form-factor concerns.
69300,L-Carnitine 2 grams,GNC Beyond Raw Chemistry Labs,generic,generic_single_molecule,evidence_scope_carnitine,ALCAR/L-carnitine evidence form-scoping and the daily-dose comparator fix carried on this branch,1.6,71.6,73.2,Acceptable,Acceptable,scored,scored,no_known_catalog_concern,no_known_catalog_concern,complete,complete,SAFE,SAFE,SAFE,SAFE,,,10.0,10.0,20.0,20.0,-0.0,-0.0,generic,generic,null,null,"No banned, recalled, or watchlisted ingredients."
69374,Amplified Wheybolic Extreme 60 Ripped Chocolate Peanut Butter,GNC Pro Performance AMP,sports,sports_single,universal_b7_confirmed,"confirmed over-UL exposure now scored on sports, a route that previously had no B7 path",-3.5,65.0,61.5,Weak,Weak,scored,scored,caution,caution,complete,complete,CAUTION,CAUTION,CAUTION,CAUTION,,,6.0,4.0,14.4,12.8,,-2.0,sports,sports,null,"{""confirmed_over_threshold"": 1}",Safety concern: it contains additive or sweetener/form-factor concerns and one or more supplemental amounts exceed an established upper limit.
69393,L-Carnitine 500 mg,GNC Pro Performance,generic,generic_single_molecule,evidence_scope_carnitine,ALCAR/L-carnitine evidence form-scoping and the daily-dose comparator fix carried on this branch,3.2,62.1,65.3,Weak,Weak,scored,scored,no_known_catalog_concern,no_known_catalog_concern,complete,complete,SAFE,SAFE,SAFE,SAFE,,,10.0,10.0,20.0,20.0,-0.0,-0.0,generic,generic,null,null,"No banned, recalled, or watchlisted ingredients."
69403,100% Whey Vanilla Cream,GNC Pro Performance,sports,sports_single,universal_b7_confirmed,"confirmed over-UL exposure now scored on sports, a route that previously had no B7 path",-1.3,72.0,70.7,Acceptable,Acceptable,scored,scored,caution,caution,complete,complete,CAUTION,CAUTION,CAUTION,CAUTION,,,6.0,4.0,20.0,18.4,,-2.0,sports,sports,null,"{""confirmed_over_threshold"": 1}",Safety concern: it contains additive or sweetener/form-factor concerns and one or more supplemental amounts exceed an established upper limit.
69455,Amplified Wheybolic Extreme 60 Ripped Strawberries & Cream,GNC Pro Performance AMP,sports,sports_single,penalty_registry_mirror,registry changed which penalties mirror into the Formula & quality checks pillar,0.0,65.0,65.0,Weak,Weak,scored,scored,no_known_catalog_concern,no_known_catalog_concern,complete,complete,SAFE,SAFE,SAFE,SAFE,,,5.7,6.0,18.9,20.0,,-0.0,sports,sports,null,null,Safety concern: it contains additive or sweetener/form-factor concerns.
69535,Energy & Metabolism Generator,GNC Mega Men,generic,generic_single_molecule,export_safety_projection,effective safety computed once and projected to product_safety_status / verdict / blocking_reason,0.0,58.3,58.3,Weak,Weak,scored,scored,no_known_catalog_concern,caution,complete,complete,CAUTION,CAUTION,CAUTION,CAUTION,,,9.0,9.0,20.0,20.0,-0.0,-0.0,generic,generic,null,null,Safety concern: it contains additive or sweetener/form-factor concerns.
69536,Carnitine,GNC Mega Men,generic,generic_single_molecule,evidence_scope_carnitine,ALCAR/L-carnitine evidence form-scoping and the daily-dose comparator fix carried on this branch,1.6,61.0,62.6,Weak,Weak,scored,scored,no_known_catalog_concern,no_known_catalog_concern,complete,complete,SAFE,SAFE,SAFE,SAFE,,,8.5,8.5,20.0,20.0,-0.0,-0.0,generic,generic,null,null,Safety concern: it contains additive or sweetener/form-factor concerns.
69663,Energy & Metabolism Generator,GNC Women's Ultra Mega,generic,generic_single_molecule,export_safety_projection,effective safety computed once and projected to product_safety_status / verdict / blocking_reason,0.0,58.9,58.9,Weak,Weak,scored,scored,no_known_catalog_concern,caution,complete,complete,CAUTION,CAUTION,CAUTION,CAUTION,,,9.0,9.0,20.0,20.0,-0.0,-0.0,generic,generic,null,null,Safety concern: it contains additive or sweetener/form-factor concerns.
69664,Fatty Acid Metabolizer,GNC Women's Ultra Mega,generic,generic_single_molecule,evidence_scope_carnitine,ALCAR/L-carnitine evidence form-scoping and the daily-dose comparator fix carried on this branch,1.6,61.0,62.6,Weak,Weak,scored,scored,no_known_catalog_concern,no_known_catalog_concern,complete,complete,SAFE,SAFE,SAFE,SAFE,,,8.5,8.5,20.0,20.0,-0.0,-0.0,generic,generic,null,null,Safety concern: it contains additive or sweetener/form-factor concerns.
69759,Energy & Metabolism Vanilla,GNC Women's Ultra Mega,multi_or_prenatal,prenatal_multi,export_safety_projection,effective safety computed once and projected to product_safety_status / verdict / blocking_reason,0.0,49.9,49.9,Poor,Poor,scored,scored,no_known_catalog_concern,caution,complete,complete,CAUTION,CAUTION,CAUTION,CAUTION,,,6.0,6.0,13.6,13.6,-0.0,-0.0,multi_or_prenatal,multi_or_prenatal,"{""none"": 1}","{""none"": 1}",Safety concern: it contains additive or sweetener/form-factor concerns.
69770,Energy & Metabolism Chocolate,GNC Women's Ultra Mega,multi_or_prenatal,prenatal_multi,export_safety_projection,effective safety computed once and projected to product_safety_status / verdict / blocking_reason,0.0,49.3,49.3,Poor,Poor,scored,scored,no_known_catalog_concern,caution,complete,complete,CAUTION,CAUTION,CAUTION,CAUTION,,,6.0,6.0,13.6,13.6,-0.0,-0.0,multi_or_prenatal,multi_or_prenatal,"{""none"": 1}","{""none"": 1}",Safety concern: it contains additive or sweetener/form-factor concerns.
70017,Energy & Metabolism Chocolate,GNC Mega Men,multi_or_prenatal,prenatal_multi,export_safety_projection,effective safety computed once and projected to product_safety_status / verdict / blocking_reason,0.0,49.0,49.0,Poor,Poor,scored,scored,no_known_catalog_concern,caution,complete,complete,CAUTION,CAUTION,CAUTION,CAUTION,,,6.0,6.0,13.3,13.3,-0.0,-0.0,multi_or_prenatal,multi_or_prenatal,"{""none"": 1}","{""none"": 1}",Safety concern: it contains additive or sweetener/form-factor concerns.
70018,Energy & Metabolism Vanilla,GNC Mega Men,multi_or_prenatal,prenatal_multi,export_safety_projection,effective safety computed once and projected to product_safety_status / verdict / blocking_reason,0.0,49.0,49.0,Poor,Poor,scored,scored,no_known_catalog_concern,caution,complete,complete,CAUTION,CAUTION,CAUTION,CAUTION,,,6.0,6.0,13.3,13.3,-0.0,-0.0,multi_or_prenatal,multi_or_prenatal,"{""none"": 1}","{""none"": 1}",Safety concern: it contains additive or sweetener/form-factor concerns.
70297,Amplified Wheybolic Extreme 60 Original Vanilla,GNC Pro Performance AMP,sports,sports_protein,evidence_scope_carnitine,ALCAR/L-carnitine evidence form-scoping and the daily-dose comparator fix carried on this branch,0.7,56.3,57.0,Weak,Weak,scored,scored,no_known_catalog_concern,no_known_catalog_concern,complete,complete,SAFE,SAFE,SAFE,SAFE,,,6.0,6.0,12.8,12.8,,-0.0,sports,sports,null,null,Safety concern: it contains additive or sweetener/form-factor concerns.
74484,L-Carnitine Complex,GNC Total Lean,generic,generic_single_molecule,export_safety_projection,effective safety computed once and projected to product_safety_status / verdict / blocking_reason,0.0,62.3,62.3,Weak,Weak,scored,scored,no_known_catalog_concern,caution,complete,complete,CAUTION,CAUTION,CAUTION,CAUTION,,,7.0,7.0,20.0,20.0,-0.0,-0.0,generic,generic,null,null,Safety concern: it contains additive or sweetener/form-factor concerns.
74777,Energy & Metabolism Vanilla,GNC Women's Ultra Mega,multi_or_prenatal,prenatal_multi,export_safety_projection,effective safety computed once and projected to product_safety_status / verdict / blocking_reason,0.0,51.7,51.7,Poor,Poor,scored,scored,no_known_catalog_concern,caution,complete,complete,CAUTION,CAUTION,CAUTION,CAUTION,,,6.0,6.0,13.6,13.6,-0.0,-0.0,multi_or_prenatal,multi_or_prenatal,"{""none"": 1}","{""none"": 1}",Safety concern: it contains additive or sweetener/form-factor concerns.
74793,Amino Burst 3000,GNC Pro Performance,generic,generic_single_molecule,evidence_scope_carnitine,ALCAR/L-carnitine evidence form-scoping and the daily-dose comparator fix carried on this branch,4.0,44.5,48.5,Poor,Poor,scored,scored,no_known_catalog_concern,no_known_catalog_concern,complete,complete,POOR,POOR,SAFE,SAFE,,,10.0,10.0,2.4,2.4,-0.0,-0.0,generic,generic,null,null,"No banned, recalled, or watchlisted ingredients."
74808,Amino Burst 3000,GNC Pro Performance,generic,generic_single_molecule,evidence_scope_carnitine,ALCAR/L-carnitine evidence form-scoping and the daily-dose comparator fix carried on this branch,3.2,45.9,49.1,Poor,Poor,scored,scored,no_known_catalog_concern,no_known_catalog_concern,complete,complete,POOR,POOR,SAFE,SAFE,,,10.0,10.0,2.4,2.4,-0.0,-0.0,generic,generic,null,null,"No banned, recalled, or watchlisted ingredients."
75571,Energy & Metabolism Chocolate,GNC Mega Men,multi_or_prenatal,prenatal_multi,export_safety_projection,effective safety computed once and projected to product_safety_status / verdict / blocking_reason,0.0,50.6,50.6,Poor,Poor,scored,scored,no_known_catalog_concern,caution,complete,complete,CAUTION,CAUTION,CAUTION,CAUTION,,,6.0,6.0,13.3,13.3,-0.0,-0.0,multi_or_prenatal,multi_or_prenatal,"{""none"": 1}","{""none"": 1}",Safety concern: it contains additive or sweetener/form-factor concerns.
76542,Intestinal Formula,CVS Health,fiber_digestive,fiber_digestive,unresolved_caution,unresolved dose-safety now raises CAUTION + review instead of presenting as clean,0.0,62.8,62.8,Weak,Weak,scored,scored,no_known_catalog_concern,caution,complete,partial,SAFE,CAUTION,SAFE,CAUTION,,,8.0,8.0,7.2,7.2,,-0.0,fiber_digestive,fiber_digestive,null,"{""material_but_unresolved"": 1}",Safety concern: it contains additive or sweetener/form-factor concerns.
77076,Garcinia Cambogia 800 mg,Nutricost,generic,generic_botanical_branded,export_safety_projection,effective safety computed once and projected to product_safety_status / verdict / blocking_reason,0.0,46.5,46.5,Poor,Poor,scored,scored,no_known_catalog_concern,caution,complete,complete,CAUTION,CAUTION,CAUTION,CAUTION,,,10.0,10.0,10.9,10.9,-0.0,-0.0,generic,generic,null,null,"No banned, recalled, or watchlisted ingredients."
78345,Apple Cider Vinegar,GNC SuperFoods,generic,generic_botanical_branded,export_safety_projection,effective safety computed once and projected to product_safety_status / verdict / blocking_reason,0.0,58.7,58.7,Weak,Weak,scored,scored,no_known_catalog_concern,caution,complete,complete,CAUTION,CAUTION,CAUTION,CAUTION,,,10.0,10.0,10.9,10.9,-0.0,-0.0,generic,generic,null,null,"No banned, recalled, or watchlisted ingredients."
78351,Apple Cider Complete,GNC SuperFoods,generic,generic_botanical_branded,export_safety_projection,effective safety computed once and projected to product_safety_status / verdict / blocking_reason,0.0,56.8,56.8,Weak,Weak,scored,scored,no_known_catalog_concern,caution,complete,complete,CAUTION,CAUTION,CAUTION,CAUTION,,,8.5,8.5,10.9,10.9,-0.0,-0.0,generic,generic,null,null,Safety concern: it contains a restricted additive and it contains additive or sweetener/form-factor concerns.
79141,Energy & Metabolism Generator,GNC Mega Men,generic,generic_single_molecule,export_safety_projection,effective safety computed once and projected to product_safety_status / verdict / blocking_reason,0.0,57.4,57.4,Weak,Weak,scored,scored,no_known_catalog_concern,caution,complete,complete,CAUTION,CAUTION,CAUTION,CAUTION,,,9.0,9.0,20.0,20.0,-0.0,-0.0,generic,generic,null,null,Safety concern: it contains additive or sweetener/form-factor concerns.
79147,Carnitine,GNC Mega Men,generic,generic_single_molecule,evidence_scope_carnitine,ALCAR/L-carnitine evidence form-scoping and the daily-dose comparator fix carried on this branch,1.6,61.0,62.6,Weak,Weak,scored,scored,no_known_catalog_concern,no_known_catalog_concern,complete,complete,SAFE,SAFE,SAFE,SAFE,,,8.5,8.5,20.0,20.0,-0.0,-0.0,generic,generic,null,null,Safety concern: it contains additive or sweetener/form-factor concerns.
79230,L-Carnitine 1000,GNC Total Lean,generic,generic_single_molecule,evidence_scope_carnitine,ALCAR/L-carnitine evidence form-scoping and the daily-dose comparator fix carried on this branch,1.6,68.9,70.5,Weak,Acceptable,scored,scored,no_known_catalog_concern,no_known_catalog_concern,complete,complete,SAFE,SAFE,SAFE,SAFE,,,8.5,8.5,20.0,20.0,-0.0,-0.0,generic,generic,null,null,Safety concern: it contains additive or sweetener/form-factor concerns.
79380,Acetyl L-Carnitine 500 mg,Nature's Way,generic,generic_single_molecule,evidence_scope_carnitine,ALCAR/L-carnitine evidence form-scoping and the daily-dose comparator fix carried on this branch,1.6,70.7,72.3,Acceptable,Acceptable,scored,scored,no_known_catalog_concern,no_known_catalog_concern,complete,complete,SAFE,SAFE,SAFE,SAFE,,,9.5,9.5,20.0,20.0,-0.0,-0.0,generic,generic,null,null,Safety concern: it contains additive or sweetener/form-factor concerns.
81571,Hydroxycitrate,Solgar,generic,generic_botanical_branded,export_safety_projection,effective safety computed once and projected to product_safety_status / verdict / blocking_reason,0.0,42.7,42.7,Poor,Poor,scored,scored,no_known_catalog_concern,caution,complete,complete,CAUTION,CAUTION,CAUTION,CAUTION,,,9.0,9.0,9.1,9.1,-0.0,-0.0,generic,generic,null,null,Safety concern: it contains additive or sweetener/form-factor concerns.
81737,L-Carnitine Fumarate With Biosint Carnitines 855 mg,Doctor's Best,generic,generic_single_molecule,evidence_scope_carnitine,ALCAR/L-carnitine evidence form-scoping and the daily-dose comparator fix carried on this branch,3.2,56.4,59.6,Weak,Weak,scored,scored,no_known_catalog_concern,no_known_catalog_concern,complete,complete,SAFE,SAFE,SAFE,SAFE,,,8.5,8.5,20.0,20.0,-0.0,-0.0,generic,generic,null,null,Safety concern: it contains additive or sweetener/form-factor concerns.
82408,Daily Immune Complex With Immuno-LP20,Doctor's Best,generic,immune_support,penalty_registry_mirror,registry changed which penalties mirror into the Formula & quality checks pillar,-2.3,62.9,60.6,Weak,Weak,scored,scored,no_known_catalog_concern,no_known_catalog_concern,complete,complete,SAFE,SAFE,SAFE,SAFE,,,8.0,6.0,6.0,4.4,-0.0,-0.0,generic,generic,"{""none"": 1}","{""none"": 1}",Safety concern: it contains additive or sweetener/form-factor concerns and one or more dose-safety checks require attention.
